,time,beat_start,beat1,beat2,beat_index,mel_start,mel_end,mel_pitch,mel_velocity,mel_index,bri_start,bri_end,bri_pitch,bri_velocity,bri_index,pia_start,pia_end,pia_pitch,pia_velocity,pia_index,chord_start,chord_end,chord,chord_index
0,0.54729675,0.54729675,0.0,0.0,0.0,,,,,,,,,,,,,,,,,,,
1,0.547297,0.54729675,0.0,0.0,0.0,,,,,,,,,,,,,,,,0.547297,1.358107,N,0.0
2,1.35810675,1.35810675,1.0,0.0,1.0,,,,,,,,,,,,,,,,0.547297,1.358107,N,0.0
3,1.358107,1.35810675,1.0,0.0,1.0,,,,,,,,,,,,,,,,1.358107,2.168917,N,1.0
4,2.16891675,2.16891675,0.0,0.0,2.0,,,,,,,,,,,,,,,,1.358107,2.168917,N,1.0
5,2.168917,2.16891675,0.0,0.0,2.0,,,,,,,,,,,,,,,,2.168917,2.979727,N,2.0
6,2.97972675,2.97972675,1.0,1.0,3.0,,,,,,2.97972675,3.38513175,80.0,122.0,0.0,2.97972675,3.854725875,61.0,46.0,0.0,2.168917,2.979727,N,2.0
7,2.97972675,2.97972675,1.0,1.0,3.0,,,,,,2.97972675,3.38513175,80.0,122.0,0.0,2.97972675,5.494926937500001,65.0,60.0,1.0,2.168917,2.979727,N,2.0
8,2.97972675,2.97972675,1.0,1.0,3.0,,,,,,2.97972675,3.38513175,80.0,122.0,0.0,2.97972675,5.525332312500001,49.0,64.0,2.0,2.168917,2.979727,N,2.0
9,2.97972675,2.97972675,1.0,1.0,3.0,,,,,,2.97972675,3.38513175,80.0,122.0,0.0,2.97972675,5.53377825,68.0,37.0,3.0,2.168917,2.979727,N,2.0
10,2.979727,2.97972675,1.0,1.0,3.0,,,,,,2.97972675,3.38513175,80.0,122.0,0.0,2.97972675,5.53377825,68.0,37.0,3.0,2.979727,6.222967,C#:maj,3.0
11,3.38513175,2.97972675,1.0,1.0,3.0,,,,,,3.38513175,3.7415503125,79.0,93.0,1.0,3.38513175,5.5151971875,53.0,38.0,4.0,2.979727,6.222967,C#:maj,3.0
12,3.7415503125,2.97972675,1.0,1.0,3.0,,,,,,3.38513175,3.7415503125,79.0,93.0,1.0,3.38513175,5.5151971875,53.0,38.0,4.0,2.979727,6.222967,C#:maj,3.0
13,3.79053675,3.79053675,0.0,0.0,4.0,,,,,,3.79053675,4.204387687500001,80.0,100.0,2.0,3.79053675,5.550670125000001,56.0,40.0,5.0,2.979727,6.222967,C#:maj,3.0
14,3.854725875,3.79053675,0.0,0.0,4.0,,,,,,3.79053675,4.204387687500001,80.0,100.0,2.0,3.79053675,5.550670125000001,56.0,40.0,5.0,2.979727,6.222967,C#:maj,3.0
15,4.19594175,3.79053675,0.0,0.0,4.0,,,,,,4.19594175,6.028710187500001,75.0,88.0,3.0,4.19594175,5.5658728125,61.0,75.0,6.0,2.979727,6.222967,C#:maj,3.0
16,4.204387687500001,3.79053675,0.0,0.0,4.0,,,,,,4.19594175,6.028710187500001,75.0,88.0,3.0,4.19594175,5.5658728125,61.0,75.0,6.0,2.979727,6.222967,C#:maj,3.0
17,4.60134675,4.60134675,1.0,0.0,5.0,,,,,,4.19594175,6.028710187500001,75.0,88.0,3.0,4.19594175,5.5658728125,61.0,75.0,6.0,2.979727,6.222967,C#:maj,3.0
18,5.41215675,5.41215675,0.0,0.0,6.0,,,,,,4.19594175,6.028710187500001,75.0,88.0,3.0,4.19594175,5.5658728125,61.0,75.0,6.0,2.979727,6.222967,C#:maj,3.0
19,5.494926937500001,5.41215675,0.0,0.0,6.0,,,,,,4.19594175,6.028710187500001,75.0,88.0,3.0,4.19594175,5.5658728125,61.0,75.0,6.0,2.979727,6.222967,C#:maj,3.0
20,5.5151971875,5.41215675,0.0,0.0,6.0,,,,,,4.19594175,6.028710187500001,75.0,88.0,3.0,4.19594175,5.5658728125,61.0,75.0,6.0,2.979727,6.222967,C#:maj,3.0
21,5.525332312500001,5.41215675,0.0,0.0,6.0,,,,,,4.19594175,6.028710187500001,75.0,88.0,3.0,4.19594175,5.5658728125,61.0,75.0,6.0,2.979727,6.222967,C#:maj,3.0
22,5.53377825,5.41215675,0.0,0.0,6.0,,,,,,4.19594175,6.028710187500001,75.0,88.0,3.0,4.19594175,5.5658728125,61.0,75.0,6.0,2.979727,6.222967,C#:maj,3.0
23,5.550670125000001,5.41215675,0.0,0.0,6.0,,,,,,4.19594175,6.028710187500001,75.0,88.0,3.0,4.19594175,5.5658728125,61.0,75.0,6.0,2.979727,6.222967,C#:maj,3.0
24,5.5658728125,5.41215675,0.0,0.0,6.0,,,,,,4.19594175,6.028710187500001,75.0,88.0,3.0,4.19594175,5.5658728125,61.0,75.0,6.0,2.979727,6.222967,C#:maj,3.0
25,6.028710187500001,5.41215675,0.0,0.0,6.0,,,,,,4.19594175,6.028710187500001,75.0,88.0,3.0,,,,,,2.979727,6.222967,C#:maj,3.0
26,6.22296675,6.22296675,1.0,1.0,7.0,,,,,,6.22296675,6.582763687500001,77.0,112.0,4.0,6.22296675,6.658777125,65.0,57.0,7.0,2.979727,6.222967,C#:maj,3.0
27,6.22296675,6.22296675,1.0,1.0,7.0,,,,,,6.22296675,6.582763687500001,77.0,112.0,4.0,6.22296675,6.88512825,68.0,70.0,8.0,2.979727,6.222967,C#:maj,3.0
28,6.22296675,6.22296675,1.0,1.0,7.0,,,,,,6.22296675,6.582763687500001,77.0,112.0,4.0,6.22296675,7.020263250000001,72.0,64.0,9.0,2.979727,6.222967,C#:maj,3.0
29,6.22296675,6.22296675,1.0,1.0,7.0,,,,,,6.22296675,6.582763687500001,77.0,112.0,4.0,6.22296675,8.582761687500001,53.0,72.0,10.0,2.979727,6.222967,C#:maj,3.0
30,6.222967,6.22296675,1.0,1.0,7.0,,,,,,6.22296675,6.582763687500001,77.0,112.0,4.0,6.22296675,8.582761687500001,53.0,72.0,10.0,6.222967,9.466207,F:min,4.0
31,6.582763687500001,6.22296675,1.0,1.0,7.0,,,,,,6.22296675,6.582763687500001,77.0,112.0,4.0,6.22296675,8.582761687500001,53.0,72.0,10.0,6.222967,9.466207,F:min,4.0
32,6.62837175,6.22296675,1.0,1.0,7.0,,,,,,6.62837175,6.9594525,75.0,99.0,5.0,6.62837175,8.42566725,60.0,66.0,11.0,6.222967,9.466207,F:min,4.0
33,6.658777125,6.22296675,1.0,1.0,7.0,,,,,,6.62837175,6.9594525,75.0,99.0,5.0,6.62837175,8.42566725,60.0,66.0,11.0,6.222967,9.466207,F:min,4.0
34,6.88512825,6.22296675,1.0,1.0,7.0,,,,,,6.62837175,6.9594525,75.0,99.0,5.0,6.62837175,8.42566725,60.0,66.0,11.0,6.222967,9.466207,F:min,4.0
35,6.9594525,6.22296675,1.0,1.0,7.0,,,,,,6.62837175,6.9594525,75.0,99.0,5.0,6.62837175,8.42566725,60.0,66.0,11.0,6.222967,9.466207,F:min,4.0
36,7.020263250000001,6.22296675,1.0,1.0,7.0,,,,,,,,,,,6.62837175,8.42566725,60.0,66.0,11.0,6.222967,9.466207,F:min,4.0
37,7.03377675,7.03377675,0.0,0.0,8.0,,,,,,7.03377675,7.31756025,77.0,93.0,6.0,7.03377675,7.476343875,65.0,71.0,12.0,6.222967,9.466207,F:min,4.0
38,7.31756025,7.03377675,0.0,0.0,8.0,,,,,,7.03377675,7.31756025,77.0,93.0,6.0,7.03377675,7.476343875,65.0,71.0,12.0,6.222967,9.466207,F:min,4.0
39,7.43918175,7.03377675,0.0,0.0,8.0,,,,,,7.43918175,8.243235,72.0,89.0,7.0,7.43918175,8.756748,68.0,78.0,13.0,6.222967,9.466207,F:min,4.0
40,7.43918175,7.03377675,0.0,0.0,8.0,,,,,,7.43918175,8.243235,72.0,89.0,7.0,7.43918175,9.050666625000002,72.0,85.0,14.0,6.222967,9.466207,F:min,4.0
41,7.476343875,7.03377675,0.0,0.0,8.0,,,,,,7.43918175,8.243235,72.0,89.0,7.0,7.43918175,9.050666625000002,72.0,85.0,14.0,6.222967,9.466207,F:min,4.0
42,7.84458675,7.84458675,1.0,0.0,9.0,,,,,,7.43918175,8.243235,72.0,89.0,7.0,7.43918175,9.050666625000002,72.0,85.0,14.0,6.222967,9.466207,F:min,4.0
43,8.243235,7.84458675,1.0,0.0,9.0,,,,,,7.43918175,8.243235,72.0,89.0,7.0,7.43918175,9.050666625000002,72.0,85.0,14.0,6.222967,9.466207,F:min,4.0
44,8.42566725,7.84458675,1.0,0.0,9.0,,,,,,,,,,,7.43918175,9.050666625000002,72.0,85.0,14.0,6.222967,9.466207,F:min,4.0
45,8.582761687500001,7.84458675,1.0,0.0,9.0,,,,,,,,,,,7.43918175,9.050666625000002,72.0,85.0,14.0,6.222967,9.466207,F:min,4.0
46,8.655396750000001,8.655396750000001,0.0,0.0,10.0,,,,,,8.655396750000001,9.1064098125,65.0,96.0,8.0,8.655396750000001,9.1300584375,65.0,78.0,15.0,6.222967,9.466207,F:min,4.0
47,8.756748,8.655396750000001,0.0,0.0,10.0,,,,,,8.655396750000001,9.1064098125,65.0,96.0,8.0,8.655396750000001,9.1300584375,65.0,78.0,15.0,6.222967,9.466207,F:min,4.0
48,9.050666625000002,8.655396750000001,0.0,0.0,10.0,,,,,,8.655396750000001,9.1064098125,65.0,96.0,8.0,8.655396750000001,9.1300584375,65.0,78.0,15.0,6.222967,9.466207,F:min,4.0
49,9.06080175,8.655396750000001,0.0,0.0,10.0,,,,,,9.06080175,9.46620675,67.0,99.0,9.0,8.655396750000001,9.1300584375,65.0,78.0,15.0,6.222967,9.466207,F:min,4.0
50,9.1064098125,8.655396750000001,0.0,0.0,10.0,,,,,,9.06080175,9.46620675,67.0,99.0,9.0,8.655396750000001,9.1300584375,65.0,78.0,15.0,6.222967,9.466207,F:min,4.0
51,9.1300584375,8.655396750000001,0.0,0.0,10.0,,,,,,9.06080175,9.46620675,67.0,99.0,9.0,8.655396750000001,9.1300584375,65.0,78.0,15.0,6.222967,9.466207,F:min,4.0
52,9.46620675,9.46620675,1.0,1.0,11.0,,,,,,9.46620675,10.486476,68.0,102.0,10.0,9.46620675,11.9476231875,37.0,100.0,16.0,6.222967,9.466207,F:min,4.0
53,9.466207,9.46620675,1.0,1.0,11.0,,,,,,9.46620675,10.486476,68.0,102.0,10.0,9.46620675,11.9476231875,37.0,100.0,16.0,9.466207,12.709447,C#:maj,5.0
54,9.87161175,9.46620675,1.0,1.0,11.0,,,,,,9.46620675,10.486476,68.0,102.0,10.0,9.87161175,12.047285250000002,49.0,66.0,17.0,9.466207,12.709447,C#:maj,5.0
55,10.27701675,10.27701675,0.0,0.0,12.0,,,,,,10.27701675,10.6435704375,75.0,127.0,11.0,10.27701675,11.46620475,65.0,73.0,18.0,9.466207,12.709447,C#:maj,5.0
56,10.27701675,10.27701675,0.0,0.0,12.0,,,,,,10.27701675,10.6435704375,75.0,127.0,11.0,10.27701675,11.57431275,68.0,86.0,19.0,9.466207,12.709447,C#:maj,5.0
57,10.486476,10.27701675,0.0,0.0,12.0,,,,,,10.27701675,10.6435704375,75.0,127.0,11.0,10.27701675,11.57431275,68.0,86.0,19.0,9.466207,12.709447,C#:maj,5.0
58,10.6435704375,10.27701675,0.0,0.0,12.0,,,,,,10.27701675,10.6435704375,75.0,127.0,11.0,10.27701675,11.57431275,68.0,86.0,19.0,9.466207,12.709447,C#:maj,5.0
59,10.68242175,10.27701675,0.0,0.0,12.0,,,,,,10.68242175,11.065867312500002,73.0,117.0,12.0,10.68242175,11.787150375,61.0,93.0,20.0,9.466207,12.709447,C#:maj,5.0
60,11.065867312500002,10.27701675,0.0,0.0,12.0,,,,,,10.68242175,11.065867312500002,73.0,117.0,12.0,10.68242175,11.787150375,61.0,93.0,20.0,9.466207,12.709447,C#:maj,5.0
61,11.08782675,11.08782675,1.0,0.0,13.0,,,,,,11.08782675,11.4915425625,72.0,99.0,13.0,10.68242175,11.787150375,61.0,93.0,20.0,9.466207,12.709447,C#:maj,5.0
62,11.46620475,11.08782675,1.0,0.0,13.0,,,,,,11.08782675,11.4915425625,72.0,99.0,13.0,10.68242175,11.787150375,61.0,93.0,20.0,9.466207,12.709447,C#:maj,5.0
63,11.4915425625,11.08782675,1.0,0.0,13.0,,,,,,11.08782675,11.4915425625,72.0,99.0,13.0,10.68242175,11.787150375,61.0,93.0,20.0,9.466207,12.709447,C#:maj,5.0
64,11.49323175,11.08782675,1.0,0.0,13.0,,,,,,11.49323175,11.902015125000002,70.0,99.0,14.0,10.68242175,11.787150375,61.0,93.0,20.0,9.466207,12.709447,C#:maj,5.0
65,11.57431275,11.08782675,1.0,0.0,13.0,,,,,,11.49323175,11.902015125000002,70.0,99.0,14.0,10.68242175,11.787150375,61.0,93.0,20.0,9.466207,12.709447,C#:maj,5.0
66,11.787150375,11.08782675,1.0,0.0,13.0,,,,,,11.49323175,11.902015125000002,70.0,99.0,14.0,10.68242175,11.787150375,61.0,93.0,20.0,9.466207,12.709447,C#:maj,5.0
67,11.89863675,11.89863675,0.0,0.0,14.0,,,,,,11.89863675,12.3107985,68.0,99.0,15.0,11.89863675,12.692554875,65.0,92.0,21.0,9.466207,12.709447,C#:maj,5.0
68,11.89863675,11.89863675,0.0,0.0,14.0,,,,,,11.89863675,12.3107985,68.0,99.0,15.0,11.89863675,12.706068375,68.0,95.0,22.0,9.466207,12.709447,C#:maj,5.0
69,11.902015125000002,11.89863675,0.0,0.0,14.0,,,,,,11.89863675,12.3107985,68.0,99.0,15.0,11.89863675,12.706068375,68.0,95.0,22.0,9.466207,12.709447,C#:maj,5.0
70,11.9476231875,11.89863675,0.0,0.0,14.0,,,,,,11.89863675,12.3107985,68.0,99.0,15.0,11.89863675,12.706068375,68.0,95.0,22.0,9.466207,12.709447,C#:maj,5.0
71,12.047285250000002,11.89863675,0.0,0.0,14.0,,,,,,11.89863675,12.3107985,68.0,99.0,15.0,11.89863675,12.706068375,68.0,95.0,22.0,9.466207,12.709447,C#:maj,5.0
72,12.30404175,11.89863675,0.0,0.0,14.0,,,,,,12.30404175,14.1097831875,63.0,117.0,16.0,12.30404175,12.748298062500002,61.0,64.0,23.0,9.466207,12.709447,C#:maj,5.0
73,12.3107985,11.89863675,0.0,0.0,14.0,,,,,,12.30404175,14.1097831875,63.0,117.0,16.0,12.30404175,12.748298062500002,61.0,64.0,23.0,9.466207,12.709447,C#:maj,5.0
74,12.692554875,11.89863675,0.0,0.0,14.0,,,,,,12.30404175,14.1097831875,63.0,117.0,16.0,12.30404175,12.748298062500002,61.0,64.0,23.0,9.466207,12.709447,C#:maj,5.0
75,12.706068375,11.89863675,0.0,0.0,14.0,,,,,,12.30404175,14.1097831875,63.0,117.0,16.0,12.30404175,12.748298062500002,61.0,64.0,23.0,9.466207,12.709447,C#:maj,5.0
76,12.70944675,12.70944675,1.0,1.0,15.0,,,,,,12.30404175,14.1097831875,63.0,117.0,16.0,12.70944675,15.4949169375,41.0,78.0,24.0,9.466207,12.709447,C#:maj,5.0
77,12.709447,12.70944675,1.0,1.0,15.0,,,,,,12.30404175,14.1097831875,63.0,117.0,16.0,12.70944675,15.4949169375,41.0,78.0,24.0,12.709447,15.952687,F:min,6.0
78,12.748298062500002,12.70944675,1.0,1.0,15.0,,,,,,12.30404175,14.1097831875,63.0,117.0,16.0,12.70944675,15.4949169375,41.0,78.0,24.0,12.709447,15.952687,F:min,6.0
79,13.11485175,12.70944675,1.0,1.0,15.0,,,,,,12.30404175,14.1097831875,63.0,117.0,16.0,13.11485175,15.442552125,48.0,44.0,25.0,12.709447,15.952687,F:min,6.0
80,13.52025675,13.52025675,0.0,0.0,16.0,,,,,,12.30404175,14.1097831875,63.0,117.0,16.0,13.52025675,15.033768750000002,53.0,93.0,26.0,12.709447,15.952687,F:min,6.0
81,13.925661750000002,13.52025675,0.0,0.0,16.0,,,,,,12.30404175,14.1097831875,63.0,117.0,16.0,13.925661750000002,16.037146125000003,56.0,93.0,27.0,12.709447,15.952687,F:min,6.0
82,14.1097831875,13.52025675,0.0,0.0,16.0,,,,,,12.30404175,14.1097831875,63.0,117.0,16.0,13.925661750000002,16.037146125000003,56.0,93.0,27.0,12.709447,15.952687,F:min,6.0
83,14.331066750000002,14.331066750000002,1.0,0.0,17.0,,,,,,14.331066750000002,16.2347810625,70.0,107.0,17.0,13.925661750000002,16.037146125000003,56.0,93.0,27.0,12.709447,15.952687,F:min,6.0
84,15.033768750000002,14.331066750000002,1.0,0.0,17.0,,,,,,14.331066750000002,16.2347810625,70.0,107.0,17.0,13.925661750000002,16.037146125000003,56.0,93.0,27.0,12.709447,15.952687,F:min,6.0
85,15.141876750000002,15.141876750000002,0.0,0.0,18.0,,,,,,14.331066750000002,16.2347810625,70.0,107.0,17.0,15.141876750000002,15.991538062500002,60.0,81.0,28.0,12.709447,15.952687,F:min,6.0
86,15.442552125,15.141876750000002,0.0,0.0,18.0,,,,,,14.331066750000002,16.2347810625,70.0,107.0,17.0,15.141876750000002,15.991538062500002,60.0,81.0,28.0,12.709447,15.952687,F:min,6.0
87,15.4949169375,15.141876750000002,0.0,0.0,18.0,,,,,,14.331066750000002,16.2347810625,70.0,107.0,17.0,15.141876750000002,15.991538062500002,60.0,81.0,28.0,12.709447,15.952687,F:min,6.0
88,15.952686750000002,15.952686750000002,1.0,1.0,19.0,,,,,,14.331066750000002,16.2347810625,70.0,107.0,17.0,15.952686750000002,16.8901858125,37.0,89.0,29.0,12.709447,15.952687,F:min,6.0
89,15.952687,15.952686750000002,1.0,1.0,19.0,,,,,,14.331066750000002,16.2347810625,70.0,107.0,17.0,15.952686750000002,16.8901858125,37.0,89.0,29.0,15.952687,17.574307,C#:maj,7.0
90,15.991538062500002,15.952686750000002,1.0,1.0,19.0,,,,,,14.331066750000002,16.2347810625,70.0,107.0,17.0,15.952686750000002,16.8901858125,37.0,89.0,29.0,15.952687,17.574307,C#:maj,7.0
91,16.037146125000003,15.952686750000002,1.0,1.0,19.0,,,,,,14.331066750000002,16.2347810625,70.0,107.0,17.0,15.952686750000002,16.8901858125,37.0,89.0,29.0,15.952687,17.574307,C#:maj,7.0
92,16.2347810625,15.952686750000002,1.0,1.0,19.0,,,,,,14.331066750000002,16.2347810625,70.0,107.0,17.0,15.952686750000002,16.8901858125,37.0,89.0,29.0,15.952687,17.574307,C#:maj,7.0
93,16.35809175,15.952686750000002,1.0,1.0,19.0,16.35809175,16.5523483125,72.0,117.0,0.0,,,,,,16.35809175,17.146942312500002,49.0,52.0,30.0,15.952687,17.574307,C#:maj,7.0
94,16.5523483125,15.952686750000002,1.0,1.0,19.0,16.35809175,16.5523483125,72.0,117.0,0.0,,,,,,16.35809175,17.146942312500002,49.0,52.0,30.0,15.952687,17.574307,C#:maj,7.0
95,16.56079425,15.952686750000002,1.0,1.0,19.0,16.56079425,16.6672130625,75.0,96.0,1.0,,,,,,16.35809175,17.146942312500002,49.0,52.0,30.0,15.952687,17.574307,C#:maj,7.0
96,16.6672130625,15.952686750000002,1.0,1.0,19.0,16.56079425,16.6672130625,75.0,96.0,1.0,,,,,,16.35809175,17.146942312500002,49.0,52.0,30.0,15.952687,17.574307,C#:maj,7.0
97,16.76349675,16.76349675,0.0,0.0,20.0,16.76349675,17.114847750000003,75.0,97.0,2.0,,,,,,16.76349675,17.746603875,61.0,73.0,31.0,15.952687,17.574307,C#:maj,7.0
98,16.8901858125,16.76349675,0.0,0.0,20.0,16.76349675,17.114847750000003,75.0,97.0,2.0,,,,,,16.76349675,17.746603875,61.0,73.0,31.0,15.952687,17.574307,C#:maj,7.0
99,17.114847750000003,16.76349675,0.0,0.0,20.0,16.76349675,17.114847750000003,75.0,97.0,2.0,,,,,,16.76349675,17.746603875,61.0,73.0,31.0,15.952687,17.574307,C#:maj,7.0
100,17.146942312500002,16.76349675,0.0,0.0,20.0,,,,,,,,,,,16.76349675,17.746603875,61.0,73.0,31.0,15.952687,17.574307,C#:maj,7.0
101,17.16890175,16.76349675,0.0,0.0,20.0,17.16890175,17.5557256875,68.0,107.0,3.0,,,,,,17.16890175,17.667212062500003,68.0,56.0,32.0,15.952687,17.574307,C#:maj,7.0
102,17.5557256875,16.76349675,0.0,0.0,20.0,17.16890175,17.5557256875,68.0,107.0,3.0,,,,,,17.16890175,17.667212062500003,68.0,56.0,32.0,15.952687,17.574307,C#:maj,7.0
103,17.57430675,17.57430675,1.0,0.0,21.0,,,,,,,,,,,17.57430675,18.597954375,44.0,90.0,33.0,15.952687,17.574307,C#:maj,7.0
104,17.574307,17.57430675,1.0,0.0,21.0,,,,,,,,,,,17.57430675,18.597954375,44.0,90.0,33.0,17.574307,19.195927,F:min/b3,8.0
105,17.667212062500003,17.57430675,1.0,0.0,21.0,,,,,,,,,,,17.57430675,18.597954375,44.0,90.0,33.0,17.574307,19.195927,F:min/b3,8.0
106,17.746603875,17.57430675,1.0,0.0,21.0,,,,,,,,,,,17.57430675,18.597954375,44.0,90.0,33.0,17.574307,19.195927,F:min/b3,8.0
107,17.97971175,17.57430675,1.0,0.0,21.0,17.97971175,18.133427812500003,72.0,97.0,4.0,,,,,,17.97971175,18.5928868125,56.0,69.0,34.0,17.574307,19.195927,F:min/b3,8.0
108,18.133427812500003,17.57430675,1.0,0.0,21.0,17.97971175,18.133427812500003,72.0,97.0,4.0,,,,,,17.97971175,18.5928868125,56.0,69.0,34.0,17.574307,19.195927,F:min/b3,8.0
109,18.18241425,17.57430675,1.0,0.0,21.0,18.18241425,18.297279000000003,75.0,99.0,5.0,,,,,,17.97971175,18.5928868125,56.0,69.0,34.0,17.574307,19.195927,F:min/b3,8.0
110,18.297279000000003,17.57430675,1.0,0.0,21.0,18.18241425,18.297279000000003,75.0,99.0,5.0,,,,,,17.97971175,18.5928868125,56.0,69.0,34.0,17.574307,19.195927,F:min/b3,8.0
111,18.38511675,18.38511675,0.0,0.0,22.0,18.38511675,18.7415353125,75.0,117.0,6.0,,,,,,18.38511675,19.182413250000003,60.0,71.0,35.0,17.574307,19.195927,F:min/b3,8.0
112,18.5928868125,18.38511675,0.0,0.0,22.0,18.38511675,18.7415353125,75.0,117.0,6.0,,,,,,18.38511675,19.182413250000003,60.0,71.0,35.0,17.574307,19.195927,F:min/b3,8.0
113,18.597954375,18.38511675,0.0,0.0,22.0,18.38511675,18.7415353125,75.0,117.0,6.0,,,,,,18.38511675,19.182413250000003,60.0,71.0,35.0,17.574307,19.195927,F:min/b3,8.0
114,18.7415353125,18.38511675,0.0,0.0,22.0,18.38511675,18.7415353125,75.0,117.0,6.0,,,,,,18.38511675,19.182413250000003,60.0,71.0,35.0,17.574307,19.195927,F:min/b3,8.0
115,18.79052175,18.38511675,0.0,0.0,22.0,18.79052175,19.0996430625,68.0,112.0,7.0,,,,,,18.38511675,19.182413250000003,60.0,71.0,35.0,17.574307,19.195927,F:min/b3,8.0
116,19.0996430625,18.38511675,0.0,0.0,22.0,18.79052175,19.0996430625,68.0,112.0,7.0,,,,,,18.38511675,19.182413250000003,60.0,71.0,35.0,17.574307,19.195927,F:min/b3,8.0
117,19.182413250000003,18.38511675,0.0,0.0,22.0,,,,,,,,,,,18.38511675,19.182413250000003,60.0,71.0,35.0,17.574307,19.195927,F:min/b3,8.0
118,19.19592675,19.19592675,1.0,1.0,23.0,19.19592675,19.50673725,72.0,107.0,8.0,,,,,,19.19592675,20.792208937500003,46.0,82.0,36.0,17.574307,19.195927,F:min/b3,8.0
119,19.195927,19.19592675,1.0,1.0,23.0,19.19592675,19.50673725,72.0,107.0,8.0,,,,,,19.19592675,20.792208937500003,46.0,82.0,36.0,19.195927,22.439167,Bb:min,9.0
120,19.50673725,19.19592675,1.0,1.0,23.0,19.19592675,19.50673725,72.0,107.0,8.0,,,,,,19.19592675,20.792208937500003,46.0,82.0,36.0,19.195927,22.439167,Bb:min,9.0
121,19.601331750000003,19.19592675,1.0,1.0,23.0,19.601331750000003,19.711128937500003,70.0,112.0,9.0,,,,,,19.601331750000003,20.5118038125,58.0,76.0,37.0,19.195927,22.439167,Bb:min,9.0
122,19.711128937500003,19.19592675,1.0,1.0,23.0,19.601331750000003,19.711128937500003,70.0,112.0,9.0,,,,,,19.601331750000003,20.5118038125,58.0,76.0,37.0,19.195927,22.439167,Bb:min,9.0
123,20.00673675,20.00673675,0.0,0.0,24.0,20.00673675,20.228020312500004,70.0,112.0,10.0,,,,,,20.00673675,22.65538275,65.0,93.0,38.0,19.195927,22.439167,Bb:min,9.0
124,20.228020312500004,20.00673675,0.0,0.0,24.0,20.00673675,20.228020312500004,70.0,112.0,10.0,,,,,,20.00673675,22.65538275,65.0,93.0,38.0,19.195927,22.439167,Bb:min,9.0
125,20.412141750000004,20.00673675,0.0,0.0,24.0,20.412141750000004,22.192545375,70.0,99.0,11.0,,,,,,20.412141750000004,21.493221750000004,61.0,74.0,39.0,19.195927,22.439167,Bb:min,9.0
126,20.5118038125,20.00673675,0.0,0.0,24.0,20.412141750000004,22.192545375,70.0,99.0,11.0,,,,,,20.412141750000004,21.493221750000004,61.0,74.0,39.0,19.195927,22.439167,Bb:min,9.0
127,20.792208937500003,20.00673675,0.0,0.0,24.0,20.412141750000004,22.192545375,70.0,99.0,11.0,,,,,,20.412141750000004,21.493221750000004,61.0,74.0,39.0,19.195927,22.439167,Bb:min,9.0
128,20.81754675,20.81754675,1.0,0.0,25.0,20.412141750000004,22.192545375,70.0,99.0,11.0,,,,,,20.81754675,21.842883562500003,46.0,31.0,40.0,19.195927,22.439167,Bb:min,9.0
129,21.493221750000004,20.81754675,1.0,0.0,25.0,20.412141750000004,22.192545375,70.0,99.0,11.0,,,,,,20.81754675,21.842883562500003,46.0,31.0,40.0,19.195927,22.439167,Bb:min,9.0
130,21.62835675,21.62835675,0.0,0.0,26.0,20.412141750000004,22.192545375,70.0,99.0,11.0,,,,,,21.62835675,22.6705854375,61.0,100.0,41.0,19.195927,22.439167,Bb:min,9.0
131,21.842883562500003,21.62835675,0.0,0.0,26.0,20.412141750000004,22.192545375,70.0,99.0,11.0,,,,,,21.62835675,22.6705854375,61.0,100.0,41.0,19.195927,22.439167,Bb:min,9.0
132,22.033761750000004,21.62835675,0.0,0.0,26.0,20.412141750000004,22.192545375,70.0,99.0,11.0,,,,,,22.033761750000004,22.550653125000004,58.0,66.0,42.0,19.195927,22.439167,Bb:min,9.0
133,22.192545375,21.62835675,0.0,0.0,26.0,20.412141750000004,22.192545375,70.0,99.0,11.0,,,,,,22.033761750000004,22.550653125000004,58.0,66.0,42.0,19.195927,22.439167,Bb:min,9.0
134,22.43916675,22.43916675,1.0,1.0,27.0,,,,,,,,,,,22.43916675,23.660449312500003,37.0,96.0,43.0,19.195927,22.439167,Bb:min,9.0
135,22.439167,22.43916675,1.0,1.0,27.0,,,,,,,,,,,22.43916675,23.660449312500003,37.0,96.0,43.0,22.439167,24.060787,C#:maj,10.0
136,22.550653125000004,22.43916675,1.0,1.0,27.0,,,,,,,,,,,22.43916675,23.660449312500003,37.0,96.0,43.0,22.439167,24.060787,C#:maj,10.0
137,22.65538275,22.43916675,1.0,1.0,27.0,,,,,,,,,,,22.43916675,23.660449312500003,37.0,96.0,43.0,22.439167,24.060787,C#:maj,10.0
138,22.6705854375,22.43916675,1.0,1.0,27.0,,,,,,,,,,,22.43916675,23.660449312500003,37.0,96.0,43.0,22.439167,24.060787,C#:maj,10.0
139,22.844571750000004,22.43916675,1.0,1.0,27.0,22.844571750000004,22.998287812500003,72.0,96.0,12.0,,,,,,22.844571750000004,23.787138375,49.0,73.0,44.0,22.439167,24.060787,C#:maj,10.0
140,22.998287812500003,22.43916675,1.0,1.0,27.0,22.844571750000004,22.998287812500003,72.0,96.0,12.0,,,,,,22.844571750000004,23.787138375,49.0,73.0,44.0,22.439167,24.060787,C#:maj,10.0
141,23.04727425,22.43916675,1.0,1.0,27.0,23.04727425,23.124976875,75.0,99.0,13.0,,,,,,22.844571750000004,23.787138375,49.0,73.0,44.0,22.439167,24.060787,C#:maj,10.0
142,23.124976875,22.43916675,1.0,1.0,27.0,23.04727425,23.124976875,75.0,99.0,13.0,,,,,,22.844571750000004,23.787138375,49.0,73.0,44.0,22.439167,24.060787,C#:maj,10.0
143,23.24997675,23.24997675,0.0,0.0,28.0,23.24997675,23.584435875,75.0,102.0,14.0,,,,,,23.24997675,23.788827562500003,56.0,92.0,45.0,22.439167,24.060787,C#:maj,10.0
144,23.584435875,23.24997675,0.0,0.0,28.0,23.24997675,23.584435875,75.0,102.0,14.0,,,,,,23.24997675,23.788827562500003,56.0,92.0,45.0,22.439167,24.060787,C#:maj,10.0
145,23.655381750000004,23.24997675,0.0,0.0,28.0,23.655381750000004,23.934097687500003,68.0,100.0,15.0,,,,,,23.655381750000004,24.057408375,61.0,56.0,46.0,22.439167,24.060787,C#:maj,10.0
146,23.660449312500003,23.24997675,0.0,0.0,28.0,23.655381750000004,23.934097687500003,68.0,100.0,15.0,,,,,,23.655381750000004,24.057408375,61.0,56.0,46.0,22.439167,24.060787,C#:maj,10.0
147,23.787138375,23.24997675,0.0,0.0,28.0,23.655381750000004,23.934097687500003,68.0,100.0,15.0,,,,,,23.655381750000004,24.057408375,61.0,56.0,46.0,22.439167,24.060787,C#:maj,10.0
148,23.788827562500003,23.24997675,0.0,0.0,28.0,23.655381750000004,23.934097687500003,68.0,100.0,15.0,,,,,,23.655381750000004,24.057408375,61.0,56.0,46.0,22.439167,24.060787,C#:maj,10.0
149,23.934097687500003,23.24997675,0.0,0.0,28.0,23.655381750000004,23.934097687500003,68.0,100.0,15.0,,,,,,23.655381750000004,24.057408375,61.0,56.0,46.0,22.439167,24.060787,C#:maj,10.0
150,24.057408375,23.24997675,0.0,0.0,28.0,,,,,,,,,,,23.655381750000004,24.057408375,61.0,56.0,46.0,22.439167,24.060787,C#:maj,10.0
151,24.06078675,24.06078675,1.0,0.0,29.0,,,,,,,,,,,24.06078675,25.258420687500003,44.0,99.0,47.0,22.439167,24.060787,C#:maj,10.0
152,24.060787,24.06078675,1.0,0.0,29.0,,,,,,,,,,,24.06078675,25.258420687500003,44.0,99.0,47.0,24.060787,25.682407,Ab:maj,11.0
153,24.466191750000004,24.06078675,1.0,0.0,29.0,24.466191750000004,24.638488875000004,72.0,102.0,16.0,,,,,,24.466191750000004,25.187474812500003,56.0,75.0,48.0,24.060787,25.682407,Ab:maj,11.0
154,24.638488875000004,24.06078675,1.0,0.0,29.0,24.466191750000004,24.638488875000004,72.0,102.0,16.0,,,,,,24.466191750000004,25.187474812500003,56.0,75.0,48.0,24.060787,25.682407,Ab:maj,11.0
155,24.66889425,24.06078675,1.0,0.0,29.0,24.66889425,24.7516644375,75.0,93.0,17.0,,,,,,24.466191750000004,25.187474812500003,56.0,75.0,48.0,24.060787,25.682407,Ab:maj,11.0
156,24.7516644375,24.06078675,1.0,0.0,29.0,24.66889425,24.7516644375,75.0,93.0,17.0,,,,,,24.466191750000004,25.187474812500003,56.0,75.0,48.0,24.060787,25.682407,Ab:maj,11.0
157,24.87159675,24.87159675,0.0,0.0,30.0,24.87159675,25.253353125000004,75.0,117.0,18.0,,,,,,24.87159675,25.665514875000003,63.0,102.0,49.0,24.060787,25.682407,Ab:maj,11.0
158,25.187474812500003,24.87159675,0.0,0.0,30.0,24.87159675,25.253353125000004,75.0,117.0,18.0,,,,,,24.87159675,25.665514875000003,63.0,102.0,49.0,24.060787,25.682407,Ab:maj,11.0
159,25.253353125000004,24.87159675,0.0,0.0,30.0,24.87159675,25.253353125000004,75.0,117.0,18.0,,,,,,24.87159675,25.665514875000003,63.0,102.0,49.0,24.060787,25.682407,Ab:maj,11.0
160,25.258420687500003,24.87159675,0.0,0.0,30.0,,,,,,,,,,,24.87159675,25.665514875000003,63.0,102.0,49.0,24.060787,25.682407,Ab:maj,11.0
161,25.277001750000004,24.87159675,0.0,0.0,30.0,25.277001750000004,25.552339312500003,68.0,117.0,19.0,,,,,,25.277001750000004,25.6908526875,60.0,83.0,50.0,24.060787,25.682407,Ab:maj,11.0
162,25.552339312500003,24.87159675,0.0,0.0,30.0,25.277001750000004,25.552339312500003,68.0,117.0,19.0,,,,,,25.277001750000004,25.6908526875,60.0,83.0,50.0,24.060787,25.682407,Ab:maj,11.0
163,25.665514875000003,24.87159675,0.0,0.0,30.0,,,,,,,,,,,25.277001750000004,25.6908526875,60.0,83.0,50.0,24.060787,25.682407,Ab:maj,11.0
164,25.68240675,25.68240675,1.0,1.0,31.0,25.68240675,26.023622625,72.0,107.0,20.0,,,,,,25.68240675,28.481390437500004,46.0,83.0,51.0,24.060787,25.682407,Ab:maj,11.0
165,25.682407,25.68240675,1.0,1.0,31.0,25.68240675,26.023622625,72.0,107.0,20.0,,,,,,25.68240675,28.481390437500004,46.0,83.0,51.0,25.682407,28.925647,Bb:min,12.0
166,25.6908526875,25.68240675,1.0,1.0,31.0,25.68240675,26.023622625,72.0,107.0,20.0,,,,,,25.68240675,28.481390437500004,46.0,83.0,51.0,25.682407,28.925647,Bb:min,12.0
167,26.023622625,25.68240675,1.0,1.0,31.0,25.68240675,26.023622625,72.0,107.0,20.0,,,,,,25.68240675,28.481390437500004,46.0,83.0,51.0,25.682407,28.925647,Bb:min,12.0
168,26.087811750000004,25.68240675,1.0,1.0,31.0,26.087811750000004,26.202676500000003,70.0,112.0,21.0,,,,,,26.087811750000004,28.2922014375,58.0,86.0,52.0,25.682407,28.925647,Bb:min,12.0
169,26.202676500000003,25.68240675,1.0,1.0,31.0,26.087811750000004,26.202676500000003,70.0,112.0,21.0,,,,,,26.087811750000004,28.2922014375,58.0,86.0,52.0,25.682407,28.925647,Bb:min,12.0
170,26.49321675,26.49321675,0.0,0.0,32.0,26.49321675,26.61483825,70.0,97.0,22.0,,,,,,26.49321675,28.016863875,61.0,81.0,53.0,25.682407,28.925647,Bb:min,12.0
171,26.61483825,26.49321675,0.0,0.0,32.0,26.49321675,26.61483825,70.0,97.0,22.0,,,,,,26.49321675,28.016863875,61.0,81.0,53.0,25.682407,28.925647,Bb:min,12.0
172,26.898621750000004,26.49321675,0.0,0.0,32.0,26.898621750000004,27.7584181875,70.0,107.0,23.0,,,,,,26.898621750000004,27.9476071875,65.0,75.0,54.0,25.682407,28.925647,Bb:min,12.0
173,27.30402675,27.30402675,1.0,0.0,33.0,26.898621750000004,27.7584181875,70.0,107.0,23.0,,,,,,26.898621750000004,27.9476071875,65.0,75.0,54.0,25.682407,28.925647,Bb:min,12.0
174,27.7584181875,27.30402675,1.0,0.0,33.0,26.898621750000004,27.7584181875,70.0,107.0,23.0,,,,,,26.898621750000004,27.9476071875,65.0,75.0,54.0,25.682407,28.925647,Bb:min,12.0
175,27.9476071875,27.30402675,1.0,0.0,33.0,,,,,,,,,,,26.898621750000004,27.9476071875,65.0,75.0,54.0,25.682407,28.925647,Bb:min,12.0
176,28.016863875,27.30402675,1.0,0.0,33.0,,,,,,,,,,,,,,,,25.682407,28.925647,Bb:min,12.0
177,28.11483675,28.11483675,0.0,0.0,34.0,,,,,,,,,,,28.11483675,28.92564675,65.0,97.0,55.0,25.682407,28.925647,Bb:min,12.0
178,28.2922014375,28.11483675,0.0,0.0,34.0,,,,,,,,,,,28.11483675,28.92564675,65.0,97.0,55.0,25.682407,28.925647,Bb:min,12.0
179,28.481390437500004,28.11483675,0.0,0.0,34.0,,,,,,,,,,,28.11483675,28.92564675,65.0,97.0,55.0,25.682407,28.925647,Bb:min,12.0
180,28.520241750000004,28.11483675,0.0,0.0,34.0,28.520241750000004,28.869903562500003,68.0,122.0,24.0,,,,,,28.520241750000004,28.92564675,61.0,88.0,56.0,25.682407,28.925647,Bb:min,12.0
181,28.869903562500003,28.11483675,0.0,0.0,34.0,28.520241750000004,28.869903562500003,68.0,122.0,24.0,,,,,,28.520241750000004,28.92564675,61.0,88.0,56.0,25.682407,28.925647,Bb:min,12.0
182,28.92564675,28.92564675,1.0,1.0,35.0,28.92564675,29.342876062500004,77.0,100.0,25.0,,,,,,28.92564675,30.016861875000004,37.0,90.0,57.0,25.682407,28.925647,Bb:min,12.0
183,28.925647,28.92564675,1.0,1.0,35.0,28.92564675,29.342876062500004,77.0,100.0,25.0,,,,,,28.92564675,30.016861875000004,37.0,90.0,57.0,28.925647,30.547267,C#:maj,13.0
184,29.331051750000004,28.92564675,1.0,1.0,35.0,29.331051750000004,29.716186500000003,79.0,92.0,26.0,,,,,,29.331051750000004,30.151996875,49.0,86.0,58.0,28.925647,30.547267,C#:maj,13.0
185,29.342876062500004,28.92564675,1.0,1.0,35.0,29.331051750000004,29.716186500000003,79.0,92.0,26.0,,,,,,29.331051750000004,30.151996875,49.0,86.0,58.0,28.925647,30.547267,C#:maj,13.0
186,29.716186500000003,28.92564675,1.0,1.0,35.0,29.331051750000004,29.716186500000003,79.0,92.0,26.0,,,,,,29.331051750000004,30.151996875,49.0,86.0,58.0,28.925647,30.547267,C#:maj,13.0
187,29.73645675,29.73645675,0.0,0.0,36.0,29.73645675,30.24996975,80.0,112.0,27.0,,,,,,29.73645675,30.5286856875,56.0,97.0,59.0,28.925647,30.547267,C#:maj,13.0
188,29.73645675,29.73645675,0.0,0.0,36.0,29.73645675,30.24996975,80.0,112.0,27.0,,,,,,29.73645675,30.572604562500004,61.0,99.0,60.0,28.925647,30.547267,C#:maj,13.0
189,30.016861875000004,29.73645675,0.0,0.0,36.0,29.73645675,30.24996975,80.0,112.0,27.0,,,,,,29.73645675,30.572604562500004,61.0,99.0,60.0,28.925647,30.547267,C#:maj,13.0
190,30.141861750000004,29.73645675,0.0,0.0,36.0,30.141861750000004,31.067536500000003,75.0,107.0,28.0,,,,,,30.141861750000004,30.57429375,53.0,86.0,61.0,28.925647,30.547267,C#:maj,13.0
191,30.151996875,29.73645675,0.0,0.0,36.0,30.141861750000004,31.067536500000003,75.0,107.0,28.0,,,,,,30.141861750000004,30.57429375,53.0,86.0,61.0,28.925647,30.547267,C#:maj,13.0
192,30.24996975,29.73645675,0.0,0.0,36.0,30.141861750000004,31.067536500000003,75.0,107.0,28.0,,,,,,30.141861750000004,30.57429375,53.0,86.0,61.0,28.925647,30.547267,C#:maj,13.0
193,30.5286856875,29.73645675,0.0,0.0,36.0,30.141861750000004,31.067536500000003,75.0,107.0,28.0,,,,,,30.141861750000004,30.57429375,53.0,86.0,61.0,28.925647,30.547267,C#:maj,13.0
194,30.54726675,30.54726675,1.0,0.0,37.0,30.141861750000004,31.067536500000003,75.0,107.0,28.0,,,,,,30.54726675,31.483076625,44.0,92.0,62.0,28.925647,30.547267,C#:maj,13.0
195,30.547267,30.54726675,1.0,0.0,37.0,30.141861750000004,31.067536500000003,75.0,107.0,28.0,,,,,,30.54726675,31.483076625,44.0,92.0,62.0,30.547267,32.168887,Ab:maj,14.0
196,30.572604562500004,30.54726675,1.0,0.0,37.0,30.141861750000004,31.067536500000003,75.0,107.0,28.0,,,,,,30.54726675,31.483076625,44.0,92.0,62.0,30.547267,32.168887,Ab:maj,14.0
197,30.57429375,30.54726675,1.0,0.0,37.0,30.141861750000004,31.067536500000003,75.0,107.0,28.0,,,,,,30.54726675,31.483076625,44.0,92.0,62.0,30.547267,32.168887,Ab:maj,14.0
198,30.952671750000004,30.54726675,1.0,0.0,37.0,30.952671750000004,31.3226038125,73.0,117.0,29.0,,,,,,30.952671750000004,31.401995625,56.0,82.0,63.0,30.547267,32.168887,Ab:maj,14.0
199,31.067536500000003,30.54726675,1.0,0.0,37.0,30.952671750000004,31.3226038125,73.0,117.0,29.0,,,,,,30.952671750000004,31.401995625,56.0,82.0,63.0,30.547267,32.168887,Ab:maj,14.0
200,31.3226038125,30.54726675,1.0,0.0,37.0,30.952671750000004,31.3226038125,73.0,117.0,29.0,,,,,,30.952671750000004,31.401995625,56.0,82.0,63.0,30.547267,32.168887,Ab:maj,14.0
201,31.35807675,31.35807675,0.0,0.0,38.0,31.35807675,31.773616875,72.0,95.0,30.0,,,,,,31.35807675,32.24996775,63.0,99.0,64.0,30.547267,32.168887,Ab:maj,14.0
202,31.35807675,31.35807675,0.0,0.0,38.0,31.35807675,31.773616875,72.0,95.0,30.0,,,,,,31.35807675,32.1570624375,60.0,75.0,65.0,30.547267,32.168887,Ab:maj,14.0
203,31.401995625,31.35807675,0.0,0.0,38.0,31.35807675,31.773616875,72.0,95.0,30.0,,,,,,31.35807675,32.1570624375,60.0,75.0,65.0,30.547267,32.168887,Ab:maj,14.0
204,31.483076625,31.35807675,0.0,0.0,38.0,31.35807675,31.773616875,72.0,95.0,30.0,,,,,,31.35807675,32.1570624375,60.0,75.0,65.0,30.547267,32.168887,Ab:maj,14.0
205,31.763481750000004,31.35807675,0.0,0.0,38.0,31.763481750000004,32.545575562500005,70.0,112.0,31.0,,,,,,31.763481750000004,32.23645425,56.0,74.0,66.0,30.547267,32.168887,Ab:maj,14.0
206,31.773616875,31.35807675,0.0,0.0,38.0,31.763481750000004,32.545575562500005,70.0,112.0,31.0,,,,,,31.763481750000004,32.23645425,56.0,74.0,66.0,30.547267,32.168887,Ab:maj,14.0
207,32.1570624375,31.35807675,0.0,0.0,38.0,31.763481750000004,32.545575562500005,70.0,112.0,31.0,,,,,,31.763481750000004,32.23645425,56.0,74.0,66.0,30.547267,32.168887,Ab:maj,14.0
208,32.168886750000006,32.168886750000006,1.0,1.0,39.0,31.763481750000004,32.545575562500005,70.0,112.0,31.0,,,,,,32.168886750000006,33.097939875,39.0,76.0,67.0,30.547267,32.168887,Ab:maj,14.0
209,32.168887,32.168886750000006,1.0,1.0,39.0,31.763481750000004,32.545575562500005,70.0,112.0,31.0,,,,,,32.168886750000006,33.097939875,39.0,76.0,67.0,32.168887,33.790507,Eb:maj,15.0
210,32.23645425,32.168886750000006,1.0,1.0,39.0,31.763481750000004,32.545575562500005,70.0,112.0,31.0,,,,,,32.168886750000006,33.097939875,39.0,76.0,67.0,32.168887,33.790507,Eb:maj,15.0
211,32.24996775,32.168886750000006,1.0,1.0,39.0,31.763481750000004,32.545575562500005,70.0,112.0,31.0,,,,,,32.168886750000006,33.097939875,39.0,76.0,67.0,32.168887,33.790507,Eb:maj,15.0
212,32.545575562500005,32.168886750000006,1.0,1.0,39.0,31.763481750000004,32.545575562500005,70.0,112.0,31.0,,,,,,32.168886750000006,33.097939875,39.0,76.0,67.0,32.168887,33.790507,Eb:maj,15.0
213,32.57429175,32.168886750000006,1.0,1.0,39.0,32.57429175,32.8800346875,70.0,117.0,32.0,,,,,,32.57429175,32.976318375000005,55.0,41.0,68.0,32.168887,33.790507,Eb:maj,15.0
214,32.57429175,32.168886750000006,1.0,1.0,39.0,32.57429175,32.8800346875,70.0,117.0,32.0,,,,,,32.57429175,33.094561500000005,51.0,81.0,69.0,32.168887,33.790507,Eb:maj,15.0
215,32.8800346875,32.168886750000006,1.0,1.0,39.0,32.57429175,32.8800346875,70.0,117.0,32.0,,,,,,32.57429175,33.094561500000005,51.0,81.0,69.0,32.168887,33.790507,Eb:maj,15.0
216,32.976318375000005,32.168886750000006,1.0,1.0,39.0,,,,,,,,,,,32.57429175,33.094561500000005,51.0,81.0,69.0,32.168887,33.790507,Eb:maj,15.0
217,32.97969675,32.97969675,0.0,0.0,40.0,32.97969675,33.2617910625,68.0,112.0,33.0,,,,,,32.97969675,33.76347975,63.0,97.0,70.0,32.168887,33.790507,Eb:maj,15.0
218,32.97969675,32.97969675,0.0,0.0,40.0,32.97969675,33.2617910625,68.0,112.0,33.0,,,,,,32.97969675,33.810777,58.0,89.0,71.0,32.168887,33.790507,Eb:maj,15.0
219,33.094561500000005,32.97969675,0.0,0.0,40.0,32.97969675,33.2617910625,68.0,112.0,33.0,,,,,,32.97969675,33.810777,58.0,89.0,71.0,32.168887,33.790507,Eb:maj,15.0
220,33.097939875,32.97969675,0.0,0.0,40.0,32.97969675,33.2617910625,68.0,112.0,33.0,,,,,,32.97969675,33.810777,58.0,89.0,71.0,32.168887,33.790507,Eb:maj,15.0
221,33.2617910625,32.97969675,0.0,0.0,40.0,32.97969675,33.2617910625,68.0,112.0,33.0,,,,,,32.97969675,33.810777,58.0,89.0,71.0,32.168887,33.790507,Eb:maj,15.0
222,33.385101750000004,32.97969675,0.0,0.0,40.0,33.385101750000004,34.7347625625,72.0,112.0,34.0,,,,,,33.385101750000004,34.010101125000006,55.0,78.0,72.0,32.168887,33.790507,Eb:maj,15.0
223,33.76347975,32.97969675,0.0,0.0,40.0,33.385101750000004,34.7347625625,72.0,112.0,34.0,,,,,,33.385101750000004,34.010101125000006,55.0,78.0,72.0,32.168887,33.790507,Eb:maj,15.0
224,33.790506750000006,33.790506750000006,1.0,0.0,41.0,33.385101750000004,34.7347625625,72.0,112.0,34.0,,,,,,33.790506750000006,34.861451625,41.0,71.0,73.0,32.168887,33.790507,Eb:maj,15.0
225,33.790507,33.790506750000006,1.0,0.0,41.0,33.385101750000004,34.7347625625,72.0,112.0,34.0,,,,,,33.790506750000006,34.861451625,41.0,71.0,73.0,33.790507,35.412127,F:min,16.0
226,33.810777,33.790506750000006,1.0,0.0,41.0,33.385101750000004,34.7347625625,72.0,112.0,34.0,,,,,,33.790506750000006,34.861451625,41.0,71.0,73.0,33.790507,35.412127,F:min,16.0
227,34.010101125000006,33.790506750000006,1.0,0.0,41.0,33.385101750000004,34.7347625625,72.0,112.0,34.0,,,,,,33.790506750000006,34.861451625,41.0,71.0,73.0,33.790507,35.412127,F:min,16.0
228,34.19591175,33.790506750000006,1.0,0.0,41.0,33.385101750000004,34.7347625625,72.0,112.0,34.0,,,,,,34.19591175,34.6874653125,53.0,83.0,74.0,33.790507,35.412127,F:min,16.0
229,34.19591175,33.790506750000006,1.0,0.0,41.0,33.385101750000004,34.7347625625,72.0,112.0,34.0,,,,,,34.19591175,34.837803,48.0,55.0,75.0,33.790507,35.412127,F:min,16.0
230,34.60131675,34.60131675,0.0,0.0,42.0,33.385101750000004,34.7347625625,72.0,112.0,34.0,,,,,,34.60131675,35.3090863125,56.0,93.0,76.0,33.790507,35.412127,F:min,16.0
231,34.60131675,34.60131675,0.0,0.0,42.0,33.385101750000004,34.7347625625,72.0,112.0,34.0,,,,,,34.60131675,35.354694375,60.0,92.0,77.0,33.790507,35.412127,F:min,16.0
232,34.6874653125,34.60131675,0.0,0.0,42.0,33.385101750000004,34.7347625625,72.0,112.0,34.0,,,,,,34.60131675,35.354694375,60.0,92.0,77.0,33.790507,35.412127,F:min,16.0
233,34.7347625625,34.60131675,0.0,0.0,42.0,33.385101750000004,34.7347625625,72.0,112.0,34.0,,,,,,34.60131675,35.354694375,60.0,92.0,77.0,33.790507,35.412127,F:min,16.0
234,34.837803,34.60131675,0.0,0.0,42.0,,,,,,,,,,,34.60131675,35.354694375,60.0,92.0,77.0,33.790507,35.412127,F:min,16.0
235,34.861451625,34.60131675,0.0,0.0,42.0,,,,,,,,,,,34.60131675,35.354694375,60.0,92.0,77.0,33.790507,35.412127,F:min,16.0
236,35.006721750000004,34.60131675,0.0,0.0,42.0,35.006721750000004,35.288816062500004,72.0,102.0,35.0,,,,,,35.006721750000004,35.359761937500004,53.0,74.0,78.0,33.790507,35.412127,F:min,16.0
237,35.288816062500004,34.60131675,0.0,0.0,42.0,35.006721750000004,35.288816062500004,72.0,102.0,35.0,,,,,,35.006721750000004,35.359761937500004,53.0,74.0,78.0,33.790507,35.412127,F:min,16.0
238,35.3090863125,34.60131675,0.0,0.0,42.0,,,,,,,,,,,35.006721750000004,35.359761937500004,53.0,74.0,78.0,33.790507,35.412127,F:min,16.0
239,35.354694375,34.60131675,0.0,0.0,42.0,,,,,,,,,,,35.006721750000004,35.359761937500004,53.0,74.0,78.0,33.790507,35.412127,F:min,16.0
240,35.359761937500004,34.60131675,0.0,0.0,42.0,,,,,,,,,,,35.006721750000004,35.359761937500004,53.0,74.0,78.0,33.790507,35.412127,F:min,16.0
241,35.412126750000006,35.412126750000006,1.0,1.0,43.0,35.412126750000006,35.680707562500004,73.0,112.0,36.0,,,,,,35.412126750000006,36.476314875,46.0,100.0,79.0,33.790507,35.412127,F:min,16.0
242,35.412127,35.412126750000006,1.0,1.0,43.0,35.412126750000006,35.680707562500004,73.0,112.0,36.0,,,,,,35.412126750000006,36.476314875,46.0,100.0,79.0,35.412127,37.033747,Bb:min,17.0
243,35.680707562500004,35.412126750000006,1.0,1.0,43.0,35.412126750000006,35.680707562500004,73.0,112.0,36.0,,,,,,35.412126750000006,36.476314875,46.0,100.0,79.0,35.412127,37.033747,Bb:min,17.0
244,35.81753175,35.412126750000006,1.0,1.0,43.0,35.81753175,36.081045,73.0,112.0,37.0,,,,,,35.81753175,36.35131500000001,58.0,99.0,80.0,35.412127,37.033747,Bb:min,17.0
245,36.081045,35.412126750000006,1.0,1.0,43.0,35.81753175,36.081045,73.0,112.0,37.0,,,,,,35.81753175,36.35131500000001,58.0,99.0,80.0,35.412127,37.033747,Bb:min,17.0
246,36.22293675,36.22293675,0.0,0.0,44.0,36.22293675,36.525301312500005,73.0,107.0,38.0,,,,,,36.22293675,37.0692196875,65.0,62.0,81.0,35.412127,37.033747,Bb:min,17.0
247,36.22293675,36.22293675,0.0,0.0,44.0,36.22293675,36.525301312500005,73.0,107.0,38.0,,,,,,36.22293675,37.165503375,61.0,77.0,82.0,35.412127,37.033747,Bb:min,17.0
248,36.35131500000001,36.22293675,0.0,0.0,44.0,36.22293675,36.525301312500005,73.0,107.0,38.0,,,,,,36.22293675,37.165503375,61.0,77.0,82.0,35.412127,37.033747,Bb:min,17.0
249,36.476314875,36.22293675,0.0,0.0,44.0,36.22293675,36.525301312500005,73.0,107.0,38.0,,,,,,36.22293675,37.165503375,61.0,77.0,82.0,35.412127,37.033747,Bb:min,17.0
250,36.525301312500005,36.22293675,0.0,0.0,44.0,36.22293675,36.525301312500005,73.0,107.0,38.0,,,,,,36.22293675,37.165503375,61.0,77.0,82.0,35.412127,37.033747,Bb:min,17.0
251,36.62834175,36.22293675,0.0,0.0,44.0,36.62834175,36.9036793125,75.0,112.0,39.0,,,,,,36.62834175,37.1215845,58.0,90.0,83.0,35.412127,37.033747,Bb:min,17.0
252,36.9036793125,36.22293675,0.0,0.0,44.0,36.62834175,36.9036793125,75.0,112.0,39.0,,,,,,36.62834175,37.1215845,58.0,90.0,83.0,35.412127,37.033747,Bb:min,17.0
253,37.033746750000006,37.033746750000006,1.0,0.0,45.0,37.033746750000006,37.557394875,75.0,117.0,40.0,,,,,,37.033746750000006,38.1807050625,39.0,85.0,84.0,35.412127,37.033747,Bb:min,17.0
254,37.033747,37.033746750000006,1.0,0.0,45.0,37.033746750000006,37.557394875,75.0,117.0,40.0,,,,,,37.033746750000006,38.1807050625,39.0,85.0,84.0,37.033747,38.655367,Eb:maj,18.0
255,37.0692196875,37.033746750000006,1.0,0.0,45.0,37.033746750000006,37.557394875,75.0,117.0,40.0,,,,,,37.033746750000006,38.1807050625,39.0,85.0,84.0,37.033747,38.655367,Eb:maj,18.0
256,37.1215845,37.033746750000006,1.0,0.0,45.0,37.033746750000006,37.557394875,75.0,117.0,40.0,,,,,,37.033746750000006,38.1807050625,39.0,85.0,84.0,37.033747,38.655367,Eb:maj,18.0
257,37.165503375,37.033746750000006,1.0,0.0,45.0,37.033746750000006,37.557394875,75.0,117.0,40.0,,,,,,37.033746750000006,38.1807050625,39.0,85.0,84.0,37.033747,38.655367,Eb:maj,18.0
258,37.43915175,37.033746750000006,1.0,0.0,45.0,37.43915175,37.80063787500001,68.0,117.0,41.0,,,,,,37.43915175,38.155367250000005,51.0,82.0,85.0,37.033747,38.655367,Eb:maj,18.0
259,37.557394875,37.033746750000006,1.0,0.0,45.0,37.43915175,37.80063787500001,68.0,117.0,41.0,,,,,,37.43915175,38.155367250000005,51.0,82.0,85.0,37.033747,38.655367,Eb:maj,18.0
260,37.80063787500001,37.033746750000006,1.0,0.0,45.0,37.43915175,37.80063787500001,68.0,117.0,41.0,,,,,,37.43915175,38.155367250000005,51.0,82.0,85.0,37.033747,38.655367,Eb:maj,18.0
261,37.84455675,37.84455675,0.0,0.0,46.0,37.84455675,38.609758687500005,70.0,112.0,42.0,,,,,,37.84455675,38.6570559375,63.0,99.0,86.0,37.033747,38.655367,Eb:maj,18.0
262,37.84455675,37.84455675,0.0,0.0,46.0,37.84455675,38.609758687500005,70.0,112.0,42.0,,,,,,37.84455675,38.699285625,58.0,95.0,87.0,37.033747,38.655367,Eb:maj,18.0
263,38.155367250000005,37.84455675,0.0,0.0,46.0,37.84455675,38.609758687500005,70.0,112.0,42.0,,,,,,37.84455675,38.699285625,58.0,95.0,87.0,37.033747,38.655367,Eb:maj,18.0
264,38.1807050625,37.84455675,0.0,0.0,46.0,37.84455675,38.609758687500005,70.0,112.0,42.0,,,,,,37.84455675,38.699285625,58.0,95.0,87.0,37.033747,38.655367,Eb:maj,18.0
265,38.24996175,37.84455675,0.0,0.0,46.0,37.84455675,38.609758687500005,70.0,112.0,42.0,,,,,,38.24996175,38.699285625,55.0,64.0,88.0,37.033747,38.655367,Eb:maj,18.0
266,38.609758687500005,37.84455675,0.0,0.0,46.0,37.84455675,38.609758687500005,70.0,112.0,42.0,,,,,,38.24996175,38.699285625,55.0,64.0,88.0,37.033747,38.655367,Eb:maj,18.0
267,38.655366750000006,38.655366750000006,1.0,1.0,47.0,38.655366750000006,41.9948904375,68.0,107.0,43.0,,,,,,38.655366750000006,39.75164943750001,37.0,71.0,89.0,37.033747,38.655367,Eb:maj,18.0
268,38.655367,38.655366750000006,1.0,1.0,47.0,38.655366750000006,41.9948904375,68.0,107.0,43.0,,,,,,38.655366750000006,39.75164943750001,37.0,71.0,89.0,38.655367,41.087797,C#:maj,19.0
269,38.6570559375,38.655366750000006,1.0,1.0,47.0,38.655366750000006,41.9948904375,68.0,107.0,43.0,,,,,,38.655366750000006,39.75164943750001,37.0,71.0,89.0,38.655367,41.087797,C#:maj,19.0
270,38.699285625,38.655366750000006,1.0,1.0,47.0,38.655366750000006,41.9948904375,68.0,107.0,43.0,,,,,,38.655366750000006,39.75164943750001,37.0,71.0,89.0,38.655367,41.087797,C#:maj,19.0
271,39.06077175,38.655366750000006,1.0,1.0,47.0,38.655366750000006,41.9948904375,68.0,107.0,43.0,,,,,,39.06077175,39.929014125,49.0,81.0,90.0,38.655367,41.087797,C#:maj,19.0
272,39.46617675,39.46617675,0.0,0.0,48.0,38.655366750000006,41.9948904375,68.0,107.0,43.0,39.46617675,40.2955678125,61.0,107.0,18.0,39.46617675,40.668878250000006,61.0,97.0,91.0,38.655367,41.087797,C#:maj,19.0
273,39.46617675,39.46617675,0.0,0.0,48.0,38.655366750000006,41.9948904375,68.0,107.0,43.0,39.46617675,40.2955678125,61.0,107.0,18.0,39.46617675,40.6469188125,56.0,96.0,92.0,38.655367,41.087797,C#:maj,19.0
274,39.75164943750001,39.46617675,0.0,0.0,48.0,38.655366750000006,41.9948904375,68.0,107.0,43.0,39.46617675,40.2955678125,61.0,107.0,18.0,39.46617675,40.6469188125,56.0,96.0,92.0,38.655367,41.087797,C#:maj,19.0
275,39.87158175,39.46617675,0.0,0.0,48.0,38.655366750000006,41.9948904375,68.0,107.0,43.0,39.46617675,40.2955678125,61.0,107.0,18.0,39.87158175,40.6739458125,53.0,35.0,93.0,38.655367,41.087797,C#:maj,19.0
276,39.929014125,39.46617675,0.0,0.0,48.0,38.655366750000006,41.9948904375,68.0,107.0,43.0,39.46617675,40.2955678125,61.0,107.0,18.0,39.87158175,40.6739458125,53.0,35.0,93.0,38.655367,41.087797,C#:maj,19.0
277,40.276986750000006,40.276986750000006,1.0,0.0,49.0,38.655366750000006,41.9948904375,68.0,107.0,43.0,40.276986750000006,41.199283125,63.0,107.0,19.0,40.276986750000006,41.41212075000001,44.0,92.0,94.0,38.655367,41.087797,C#:maj,19.0
278,40.2955678125,40.276986750000006,1.0,0.0,49.0,38.655366750000006,41.9948904375,68.0,107.0,43.0,40.276986750000006,41.199283125,63.0,107.0,19.0,40.276986750000006,41.41212075000001,44.0,92.0,94.0,38.655367,41.087797,C#:maj,19.0
279,40.6469188125,40.276986750000006,1.0,0.0,49.0,38.655366750000006,41.9948904375,68.0,107.0,43.0,40.276986750000006,41.199283125,63.0,107.0,19.0,40.276986750000006,41.41212075000001,44.0,92.0,94.0,38.655367,41.087797,C#:maj,19.0
280,40.668878250000006,40.276986750000006,1.0,0.0,49.0,38.655366750000006,41.9948904375,68.0,107.0,43.0,40.276986750000006,41.199283125,63.0,107.0,19.0,40.276986750000006,41.41212075000001,44.0,92.0,94.0,38.655367,41.087797,C#:maj,19.0
281,40.6739458125,40.276986750000006,1.0,0.0,49.0,38.655366750000006,41.9948904375,68.0,107.0,43.0,40.276986750000006,41.199283125,63.0,107.0,19.0,40.276986750000006,41.41212075000001,44.0,92.0,94.0,38.655367,41.087797,C#:maj,19.0
282,40.68239175,40.276986750000006,1.0,0.0,49.0,38.655366750000006,41.9948904375,68.0,107.0,43.0,40.276986750000006,41.199283125,63.0,107.0,19.0,40.68239175,41.336107312500005,56.0,93.0,95.0,38.655367,41.087797,C#:maj,19.0
283,41.08779675,41.08779675,0.0,0.0,50.0,38.655366750000006,41.9948904375,68.0,107.0,43.0,41.08779675,41.499958500000005,70.0,127.0,20.0,41.08779675,41.883404062500006,63.0,99.0,96.0,38.655367,41.087797,C#:maj,19.0
284,41.087797,41.08779675,0.0,0.0,50.0,38.655366750000006,41.9948904375,68.0,107.0,43.0,41.08779675,41.499958500000005,70.0,127.0,20.0,41.08779675,41.883404062500006,63.0,99.0,96.0,41.087797,41.898607,Ab:maj,20.0
285,41.199283125,41.08779675,0.0,0.0,50.0,38.655366750000006,41.9948904375,68.0,107.0,43.0,41.08779675,41.499958500000005,70.0,127.0,20.0,41.08779675,41.883404062500006,63.0,99.0,96.0,41.087797,41.898607,Ab:maj,20.0
286,41.336107312500005,41.08779675,0.0,0.0,50.0,38.655366750000006,41.9948904375,68.0,107.0,43.0,41.08779675,41.499958500000005,70.0,127.0,20.0,41.08779675,41.883404062500006,63.0,99.0,96.0,41.087797,41.898607,Ab:maj,20.0
287,41.41212075000001,41.08779675,0.0,0.0,50.0,38.655366750000006,41.9948904375,68.0,107.0,43.0,41.08779675,41.499958500000005,70.0,127.0,20.0,41.08779675,41.883404062500006,63.0,99.0,96.0,41.087797,41.898607,Ab:maj,20.0
288,41.49320175,41.08779675,0.0,0.0,50.0,38.655366750000006,41.9948904375,68.0,107.0,43.0,41.49320175,43.4239430625,72.0,102.0,21.0,41.49320175,41.9171878125,60.0,53.0,97.0,41.087797,41.898607,Ab:maj,20.0
289,41.499958500000005,41.08779675,0.0,0.0,50.0,38.655366750000006,41.9948904375,68.0,107.0,43.0,41.49320175,43.4239430625,72.0,102.0,21.0,41.49320175,41.9171878125,60.0,53.0,97.0,41.087797,41.898607,Ab:maj,20.0
290,41.883404062500006,41.08779675,0.0,0.0,50.0,38.655366750000006,41.9948904375,68.0,107.0,43.0,41.49320175,43.4239430625,72.0,102.0,21.0,41.49320175,41.9171878125,60.0,53.0,97.0,41.087797,41.898607,Ab:maj,20.0
291,41.898606750000006,41.898606750000006,1.0,1.0,51.0,38.655366750000006,41.9948904375,68.0,107.0,43.0,41.49320175,43.4239430625,72.0,102.0,21.0,41.898606750000006,42.76347075,37.0,83.0,98.0,41.087797,41.898607,Ab:maj,20.0
292,41.898607,41.898606750000006,1.0,1.0,51.0,38.655366750000006,41.9948904375,68.0,107.0,43.0,41.49320175,43.4239430625,72.0,102.0,21.0,41.898606750000006,42.76347075,37.0,83.0,98.0,41.898607,43.520227,C#:maj,21.0
293,41.9171878125,41.898606750000006,1.0,1.0,51.0,38.655366750000006,41.9948904375,68.0,107.0,43.0,41.49320175,43.4239430625,72.0,102.0,21.0,41.898606750000006,42.76347075,37.0,83.0,98.0,41.898607,43.520227,C#:maj,21.0
294,41.9948904375,41.898606750000006,1.0,1.0,51.0,38.655366750000006,41.9948904375,68.0,107.0,43.0,41.49320175,43.4239430625,72.0,102.0,21.0,41.898606750000006,42.76347075,37.0,83.0,98.0,41.898607,43.520227,C#:maj,21.0
295,42.30401175,41.898606750000006,1.0,1.0,51.0,42.30401175,42.459417,72.0,96.0,44.0,41.49320175,43.4239430625,72.0,102.0,21.0,42.30401175,43.577659125,49.0,56.0,99.0,41.898607,43.520227,C#:maj,21.0
296,42.459417,41.898606750000006,1.0,1.0,51.0,42.30401175,42.459417,72.0,96.0,44.0,41.49320175,43.4239430625,72.0,102.0,21.0,42.30401175,43.577659125,49.0,56.0,99.0,41.898607,43.520227,C#:maj,21.0
297,42.50671425,41.898606750000006,1.0,1.0,51.0,42.50671425,42.5928628125,75.0,96.0,45.0,41.49320175,43.4239430625,72.0,102.0,21.0,42.30401175,43.577659125,49.0,56.0,99.0,41.898607,43.520227,C#:maj,21.0
298,42.5928628125,41.898606750000006,1.0,1.0,51.0,42.50671425,42.5928628125,75.0,96.0,45.0,41.49320175,43.4239430625,72.0,102.0,21.0,42.30401175,43.577659125,49.0,56.0,99.0,41.898607,43.520227,C#:maj,21.0
299,42.70941675,42.70941675,0.0,0.0,52.0,42.70941675,43.064146125,75.0,99.0,46.0,41.49320175,43.4239430625,72.0,102.0,21.0,42.70941675,42.846240937500006,56.0,99.0,100.0,41.898607,43.520227,C#:maj,21.0
300,42.76347075,42.70941675,0.0,0.0,52.0,42.70941675,43.064146125,75.0,99.0,46.0,41.49320175,43.4239430625,72.0,102.0,21.0,42.70941675,42.846240937500006,56.0,99.0,100.0,41.898607,43.520227,C#:maj,21.0
301,42.846240937500006,42.70941675,0.0,0.0,52.0,42.70941675,43.064146125,75.0,99.0,46.0,41.49320175,43.4239430625,72.0,102.0,21.0,42.70941675,42.846240937500006,56.0,99.0,100.0,41.898607,43.520227,C#:maj,21.0
302,43.064146125,42.70941675,0.0,0.0,52.0,42.70941675,43.064146125,75.0,99.0,46.0,41.49320175,43.4239430625,72.0,102.0,21.0,,,,,,41.898607,43.520227,C#:maj,21.0
303,43.11482175,42.70941675,0.0,0.0,52.0,43.11482175,43.68238875,68.0,102.0,47.0,41.49320175,43.4239430625,72.0,102.0,21.0,,,,,,41.898607,43.520227,C#:maj,21.0
304,43.4239430625,42.70941675,0.0,0.0,52.0,43.11482175,43.68238875,68.0,102.0,47.0,41.49320175,43.4239430625,72.0,102.0,21.0,,,,,,41.898607,43.520227,C#:maj,21.0
305,43.520226750000006,43.520226750000006,1.0,0.0,53.0,43.11482175,43.68238875,68.0,102.0,47.0,,,,,,43.520226750000006,44.641847250000005,63.0,97.0,101.0,41.898607,43.520227,C#:maj,21.0
306,43.520226750000006,43.520226750000006,1.0,0.0,53.0,43.11482175,43.68238875,68.0,102.0,47.0,,,,,,43.520226750000006,44.5725905625,44.0,97.0,102.0,41.898607,43.520227,C#:maj,21.0
307,43.520226750000006,43.520226750000006,1.0,0.0,53.0,43.11482175,43.68238875,68.0,102.0,47.0,,,,,,43.520226750000006,44.594550000000005,60.0,95.0,103.0,41.898607,43.520227,C#:maj,21.0
308,43.520226750000006,43.520226750000006,1.0,0.0,53.0,43.11482175,43.68238875,68.0,102.0,47.0,,,,,,43.520226750000006,44.65536075000001,56.0,79.0,104.0,41.898607,43.520227,C#:maj,21.0
309,43.520227,43.520226750000006,1.0,0.0,53.0,43.11482175,43.68238875,68.0,102.0,47.0,,,,,,43.520226750000006,44.65536075000001,56.0,79.0,104.0,43.520227,45.141847000000006,Ab:maj,22.0
310,43.577659125,43.520226750000006,1.0,0.0,53.0,43.11482175,43.68238875,68.0,102.0,47.0,,,,,,43.520226750000006,44.65536075000001,56.0,79.0,104.0,43.520227,45.141847000000006,Ab:maj,22.0
311,43.68238875,43.520226750000006,1.0,0.0,53.0,43.11482175,43.68238875,68.0,102.0,47.0,,,,,,43.520226750000006,44.65536075000001,56.0,79.0,104.0,43.520227,45.141847000000006,Ab:maj,22.0
312,44.33103675,44.33103675,0.0,0.0,54.0,,,,,,,,,,,43.520226750000006,44.65536075000001,56.0,79.0,104.0,43.520227,45.141847000000006,Ab:maj,22.0
313,44.5725905625,44.33103675,0.0,0.0,54.0,,,,,,,,,,,43.520226750000006,44.65536075000001,56.0,79.0,104.0,43.520227,45.141847000000006,Ab:maj,22.0
314,44.594550000000005,44.33103675,0.0,0.0,54.0,,,,,,,,,,,43.520226750000006,44.65536075000001,56.0,79.0,104.0,43.520227,45.141847000000006,Ab:maj,22.0
315,44.641847250000005,44.33103675,0.0,0.0,54.0,,,,,,,,,,,43.520226750000006,44.65536075000001,56.0,79.0,104.0,43.520227,45.141847000000006,Ab:maj,22.0
316,44.65536075000001,44.33103675,0.0,0.0,54.0,,,,,,,,,,,43.520226750000006,44.65536075000001,56.0,79.0,104.0,43.520227,45.141847000000006,Ab:maj,22.0
317,45.141847000000006,44.33103675,0.0,0.0,54.0,,,,,,,,,,,,,,,,43.520227,45.141847000000006,Ab:maj,22.0
