,index,chord,melody,duration,time,db_index1,db_index2
17,17.0,[0. 0. 0. 1. 0. 0. 1. 0. 0. 0. 0. 1.],"[0.0, 0.0, 0.7458333333333341, 0.0, 0.004000000000002156, 0.0, 0.0, 0.0, 0.0, 0.0, 0.0, 0.0]",0.5172410000000003,9.167965964,7.0,4.0
18,18.0,[0. 0. 1. 0. 0. 0. 0. 1. 0. 0. 0. 1.],"[0.0, 0.0, 0.0, 0.0, 0.5584999999999996, 0.0, 0.44150000000000045, 0.0, 0.0, 0.0, 0.0, 0.0]",0.5172409999999985,9.685206964,7.0,4.0
19,19.0,[0. 0. 1. 0. 0. 0. 0. 1. 0. 0. 0. 1.],"[0.0, 0.0, 0.0, 0.0, 0.0, 0.0, 0.9375000000000019, 0.0, 0.0, 0.0, 0.0, 0.0]",0.5172410000000003,10.202447964,7.0,4.0
20,20.0,[0. 0. 1. 0. 0. 0. 0. 1. 0. 0. 0. 1.],"[0.0, 0.0, 0.44149999999999895, 0.0, 0.5000000000000017, 0.0, 0.058499999999999344, 0.0, 0.0, 0.0, 0.0, 0.0]",0.5172410000000003,10.719688964,8.0,5.0
21,21.0,[0. 0. 1. 0. 0. 0. 1. 0. 0. 1. 0. 0.],"[0.0, 0.0, 0.6001666666666653, 0.0, 0.0, 0.0, 0.333166666666663, 0.0, 0.0, 0.0, 0.0, 0.0]",0.5172410000000003,11.236929964,8.0,5.0
22,22.0,[0. 0. 1. 0. 0. 0. 1. 0. 0. 1. 0. 0.],"[0.0, 0.0, 0.0, 0.0, 0.0, 0.0, 1.0, 0.0, 0.0, 0.0, 0.0, 0.0]",0.5172410000000003,11.754170964,8.0,5.0
23,23.0,[0. 0. 1. 0. 0. 0. 1. 0. 0. 1. 0. 0.],"[0.0, 0.0, 0.0, 0.0, 0.0, 0.0, 0.99791666666667, 0.0, 0.0, 0.0, 0.0, 0.0]",0.5172410000000003,12.271411964,8.0,5.0
24,24.0,[0. 0. 1. 0. 0. 0. 1. 0. 0. 1. 0. 0.],"[0.0, 0.0, 0.12900000000000217, 0.0, 0.0, 0.0, 0.16683333333333586, 0.0, 0.0, 0.0, 0.0, 0.49999999999999656]",0.5172409999999985,12.788652964,8.0,5.0
25,25.0,[0. 0. 1. 0. 0. 0. 1. 0. 0. 1. 0. 0.],"[0.0, 0.0, 0.9562500000000058, 0.0, 0.0, 0.0, 0.0, 0.0, 0.0, 0.0, 0.0, 0.0]",0.5172410000000003,13.305893964,9.0,6.0
26,26.0,[0. 0. 0. 1. 0. 0. 1. 0. 0. 0. 0. 1.],"[0.0, 0.0, 0.9147499999999993, 0.0, 0.0, 0.0, 0.0, 0.0, 0.0, 0.0, 0.0, 0.0]",0.5172410000000003,13.823134964,9.0,6.0
27,27.0,[0. 0. 0. 1. 0. 0. 1. 0. 0. 0. 0. 1.],"[0.0, 0.49983333333333885, 0.4999999999999931, 0.0, 0.0, 0.0, 0.0, 0.0, 0.0, 0.0, 0.0, 0.0]",0.5172410000000021,14.340375964,9.0,6.0
28,28.0,[0. 0. 0. 1. 0. 0. 1. 0. 0. 0. 0. 1.],"[0.0, 0.00016666666666117637, 0.0, 0.0, 0.0, 0.0, 0.0, 0.0, 0.0, 0.0, 0.0, 0.9998333333333388]",0.5172409999999985,14.857616964000002,10.0,6.0
29,29.0,[0. 0. 0. 1. 0. 0. 1. 0. 0. 0. 0. 1.],"[0.0, 0.0, 0.0, 0.0, 0.0, 0.0, 0.0, 0.0, 0.0, 0.0, 0.0, 0.9980833333333278]",0.5172410000000021,15.374857964,10.0,6.0
30,30.0,[0. 0. 0. 1. 0. 0. 1. 0. 0. 0. 0. 1.],"[0.0, 0.0, 0.49983333333333885, 0.0, 0.0, 0.0, 0.0, 0.0, 0.0, 0.0, 0.0, 0.5]",0.5172409999999985,15.892098964000002,10.0,6.0
31,31.0,[0. 0. 0. 1. 0. 0. 1. 0. 0. 0. 0. 1.],"[0.0, 0.9979166666666734, 0.00016666666666117637, 0.0, 0.0, 0.0, 0.0, 0.0, 0.0, 0.0, 0.0, 0.0]",0.5172409999999985,16.409339964,11.0,7.0
32,32.0,[0. 0. 1. 0. 0. 0. 1. 0. 0. 1. 0. 0.],"[0.0, 0.49999999999999656, 0.0, 0.0, 0.0, 0.0, 0.0, 0.0, 0.0, 0.0, 0.0, 0.4998333333333354]",0.5172410000000021,16.926580964,11.0,7.0
33,33.0,[0. 0. 1. 0. 0. 0. 1. 0. 0. 1. 0. 0.],"[0.0, 0.0, 0.0, 0.0, 0.0, 0.0, 0.0, 0.0, 0.0, 0.9998333333333388, 0.0, 0.00016666666666117637]",0.5172409999999985,17.443821964,11.0,7.0
34,34.0,[0. 0. 1. 0. 0. 0. 1. 0. 0. 1. 0. 0.],"[0.0, 0.9998333333333388, 0.0, 0.0, 0.0, 0.0, 0.0, 0.0, 0.0, 0.00016666666666117637, 0.0, 0.0]",0.5172409999999985,17.961062964,12.0,7.0
35,35.0,[0. 0. 1. 0. 0. 0. 1. 0. 0. 1. 0. 0.],"[0.0, 0.9980833333333347, 0.0, 0.0, 0.0, 0.0, 0.0, 0.0, 0.0, 0.0, 0.0, 0.0]",0.5172410000000021,18.478303964,12.0,7.0
36,36.0,[0. 0. 1. 0. 0. 0. 1. 0. 0. 1. 0. 0.],"[0.0, 0.5000000000000069, 0.0, 0.0, 0.0, 0.0, 0.0, 0.0, 0.0, 0.49983333333333196, 0.0, 0.0]",0.5172409999999985,18.995544964,12.0,7.0
37,37.0,[0. 0. 1. 0. 0. 0. 1. 0. 0. 1. 0. 0.],"[0.0, 0.0, 0.0, 0.0, 0.0, 0.0, 0.0, 0.0, 0.0, 0.00016666666666804381, 0.0, 0.9979166666666598]",0.5172410000000021,19.512785964,13.0,8.0
38,38.0,[0. 0. 0. 1. 0. 0. 1. 0. 0. 0. 0. 1.],"[0.0, 0.0, 0.49983333333333885, 0.0, 0.0, 0.0, 0.0, 0.0, 0.0, 0.0, 0.0, 0.5]",0.5172409999999985,20.030026964,13.0,8.0
39,39.0,[0. 0. 0. 1. 0. 0. 1. 0. 0. 0. 0. 1.],"[0.0, 0.9998333333333319, 0.00016666666666804381, 0.0, 0.0, 0.0, 0.0, 0.0, 0.0, 0.0, 0.0, 0.0]",0.5172410000000021,20.547267964,13.0,8.0
40,40.0,[0. 0. 0. 1. 0. 0. 1. 0. 0. 0. 0. 1.],"[0.0, 0.00016666666665430779, 0.0, 0.0, 0.0, 0.0, 0.0, 0.0, 0.0, 0.0, 0.0, 0.9998333333333457]",0.5172409999999985,21.064508964,14.0,8.0
41,41.0,[0. 0. 0. 1. 0. 0. 1. 0. 0. 0. 0. 1.],"[0.0, 0.0, 0.0, 0.0, 0.0, 0.0, 0.0, 0.0, 0.0, 0.0, 0.0, 1.0]",0.5172409999999985,21.581749964,14.0,8.0
42,42.0,[0. 0. 0. 1. 0. 0. 1. 0. 0. 0. 0. 1.],"[0.0, 0.0, 0.4999999999999897, 0.0, 0.49983333333334223, 0.0, 0.0, 0.0, 0.0, 0.0, 0.0, 0.00016666666666804381]",0.5172410000000021,22.098990964,14.0,8.0
43,43.0,[0. 0. 0. 1. 0. 0. 1. 0. 0. 0. 0. 1.],"[0.0, 0.0, 0.0, 0.0, 0.00016666666666117637, 0.0, 0.9979166666666734, 0.0, 0.0, 0.0, 0.0, 0.0]",0.5172409999999985,22.616231964,15.0,9.0
44,44.0,[0. 0. 1. 0. 0. 0. 1. 0. 0. 1. 0. 0.],"[0.0, 0.0, 0.0, 0.0, 0.0, 0.0, 0.4999999999999897, 0.0, 0.0, 0.49791666666667694, 0.0, 0.0]",0.5172410000000021,23.133472964,15.0,9.0
45,45.0,[0. 0. 1. 0. 0. 0. 1. 0. 0. 1. 0. 0.],"[0.0, 0.0, 0.0, 0.0, 0.49983333333333885, 0.0, 0.0, 0.0, 0.0, 0.5, 0.0, 0.0]",0.5172409999999985,23.650713964,15.0,9.0
46,46.0,[0. 0. 1. 0. 0. 0. 1. 0. 0. 1. 0. 0.],"[0.0, 0.0, 0.0, 0.0, 0.00016666666666117637, 0.0, 0.9998333333333388, 0.0, 0.0, 0.0, 0.0, 0.0]",0.5172409999999985,24.167954964,16.0,9.0
47,47.0,[0. 0. 1. 0. 0. 0. 1. 0. 0. 1. 0. 0.],"[0.0, 0.0, 0.0, 0.0, 0.9998333333333388, 0.0, 0.00016666666666117523, 0.0, 0.0, 0.0, 0.0, 0.0]",0.5172410000000021,24.685195964,16.0,9.0
48,48.0,[0. 0. 1. 0. 0. 0. 1. 0. 0. 1. 0. 0.],"[0.0, 0.5000000000000069, 0.49983333333333196, 0.0, 0.00016666666666117637, 0.0, 0.0, 0.0, 0.0, 0.0, 0.0, 0.0]",0.5172409999999985,25.202436964,16.0,9.0
49,49.0,[0. 0. 1. 0. 0. 0. 1. 0. 0. 1. 0. 0.],"[0.0, 0.0, 0.00016666666666804381, 0.0, 0.9979166666666598, 0.0, 0.0, 0.0, 0.0, 0.0, 0.0, 0.0]",0.5172410000000021,25.719677964,17.0,10.0
50,50.0,[0. 0. 1. 0. 0. 0. 1. 0. 0. 0. 0. 1.],"[0.0, 0.0, 0.0, 0.0, 0.5, 0.0, 0.49983333333333885, 0.0, 0.0, 0.0, 0.0, 0.0]",0.5172409999999985,26.236918964,17.0,10.0
51,51.0,[0. 0. 1. 0. 0. 0. 1. 0. 0. 0. 0. 1.],"[0.0, 0.0, 0.4998333333333354, 0.0, 0.49999999999999656, 0.0, 0.00016666666666804381, 0.0, 0.0, 0.0, 0.0, 0.0]",0.5172410000000021,26.754159964,17.0,10.0
52,52.0,[0. 0. 1. 0. 0. 0. 1. 0. 0. 0. 0. 1.],"[0.0, 0.5000000000000069, 0.4999999999999931, 0.0, 0.0, 0.0, 0.0, 0.0, 0.0, 0.0, 0.0, 0.0]",0.5172409999999985,27.271400964,18.0,10.0
53,53.0,[0. 0. 1. 0. 0. 0. 1. 0. 0. 0. 0. 1.],"[0.0, 0.0, 0.00016666666666117637, 0.0, 0.0, 0.0, 0.0, 0.0, 0.0, 0.0, 0.0, 0.9979166666666666]",0.5172409999999985,27.788641964,18.0,10.0
54,54.0,[0. 0. 1. 0. 0. 0. 1. 0. 0. 0. 0. 1.],"[0.0, 0.49983333333334223, 0.0, 0.0, 0.0, 0.0, 0.0, 0.0, 0.0, 0.0, 0.0, 0.4999999999999897]",0.5172410000000021,28.305882964,18.0,10.0
55,55.0,[0. 0. 1. 0. 0. 0. 1. 0. 0. 0. 0. 1.],"[0.0, 0.00016666666666117523, 0.9979166666666598, 0.0, 0.0, 0.0, 0.0, 0.0, 0.0, 0.0, 0.0, 0.0]",0.5172410000000021,28.823123964,19.0,11.0
56,56.0,[0. 1. 0. 0. 0. 0. 1. 0. 0. 0. 1. 0.],"[0.0, 0.4998333333333457, 0.4999999999999931, 0.0, 0.0, 0.0, 0.0, 0.0, 0.0, 0.0, 0.0, 0.0]",0.5172409999999985,29.340364964000003,19.0,11.0
57,57.0,[0. 1. 0. 0. 0. 0. 1. 0. 0. 0. 1. 0.],"[0.0, 0.00016666666666117637, 0.0, 0.0, 0.0, 0.0, 0.0, 0.0, 0.0, 0.0, 0.0, 0.9998333333333388]",0.5172409999999985,29.857605964,19.0,11.0
58,58.0,[0. 1. 0. 0. 0. 0. 1. 0. 0. 0. 1. 0.],"[0.0, 0.9998333333333319, 0.0, 0.0, 0.0, 0.0, 0.0, 0.0, 0.0, 0.0, 0.0, 0.00016666666666804381]",0.5172410000000021,30.374846964,20.0,11.0
59,59.0,[0. 1. 0. 0. 0. 0. 1. 0. 0. 0. 1. 0.],"[0.0, 0.9980833333333347, 0.0, 0.0, 0.0, 0.0, 0.0, 0.0, 0.0, 0.0, 0.0, 0.0]",0.5172409999999985,30.892087964,20.0,11.0
60,60.0,[0. 1. 0. 0. 0. 0. 1. 0. 0. 0. 1. 0.],"[0.0, 0.4250000000000048, 0.0, 0.0, 0.0, 0.0, 0.0, 0.0, 0.0, 0.23749999999999966, 0.0, 0.003999999999998736]",0.5172409999999985,31.409328964,20.0,11.0
61,61.0,[0. 1. 0. 0. 0. 0. 1. 0. 0. 0. 1. 0.],"[0.0, 0.0, 0.0, 0.0, 0.0, 0.0, 0.0, 0.0, 0.0, 0.0, 0.0, 1.0]",0.5172410000000021,31.926569964,21.0,12.0
62,62.0,[0. 0. 0. 1. 0. 0. 1. 0. 0. 0. 0. 1.],"[0.0, 0.0, 0.4998333333333457, 0.0, 0.0, 0.0, 0.0, 0.0, 0.0, 0.0, 0.0, 0.041833333333328414]",0.5172410000000056,32.443810964,21.0,12.0
63,63.0,[0. 0. 0. 1. 0. 0. 1. 0. 0. 0. 0. 1.],"[0.0, 0.4999999999999863, 0.5000000000000138, 0.0, 0.0, 0.0, 0.0, 0.0, 0.0, 0.0, 0.0, 0.0]",0.5172409999999985,32.961051964000006,21.0,12.0
64,64.0,[0. 0. 0. 1. 0. 0. 1. 0. 0. 0. 0. 1.],"[0.0, 0.0, 0.00016666666666117637, 0.0, 0.0, 0.0, 0.0, 0.0, 0.0, 0.0, 0.0, 0.9998333333333388]",0.5172409999999985,33.478292964000005,22.0,12.0
65,65.0,[0. 0. 0. 1. 0. 0. 1. 0. 0. 0. 0. 1.],"[0.0, 0.0, 0.0, 0.0, 0.0, 0.0, 0.0, 0.0, 0.0, 0.0, 0.0, 1.0]",0.5172409999999985,33.995533964,22.0,12.0
66,66.0,[0. 0. 0. 1. 0. 0. 1. 0. 0. 0. 0. 1.],"[0.0, 0.0, 0.4999999999999931, 0.0, 0.4998333333333457, 0.0, 0.0, 0.0, 0.0, 0.0, 0.0, 0.0001666666666611741]",0.5172410000000056,34.512774964,22.0,12.0
67,67.0,[0. 0. 0. 1. 0. 0. 1. 0. 0. 0. 0. 1.],"[0.0, 0.0, 0.0, 0.0, 0.0001666666666474392, 0.0, 0.9998333333333526, 0.0, 0.0, 0.0, 0.0, 0.0]",0.5172409999999985,35.03001596400001,23.0,13.0
68,68.0,[0. 0. 1. 0. 1. 0. 0. 0. 0. 1. 0. 0.],"[0.0, 0.0, 0.0, 0.0, 0.0, 0.0, 1.0, 0.0, 0.0, 0.0, 0.0, 0.0]",0.5172409999999985,35.547256964000006,23.0,13.0
69,69.0,[0. 0. 1. 0. 1. 0. 0. 0. 0. 1. 0. 0.],"[0.0, 0.0, 0.0, 0.0, 0.0, 0.0, 0.5000000000000207, 0.4999999999999794, 0.0, 0.0, 0.0, 0.0]",0.5172410000000056,36.064497964000005,23.0,13.0
70,70.0,[0. 0. 1. 0. 1. 0. 0. 0. 0. 1. 0. 0.],"[0.0, 0.0, 0.0, 0.0, 0.9998333276362648, 0.0, 0.00016667236373524137, 0.0, 0.0, 0.0, 0.0, 0.0]",0.5172233199999923,36.58173896400001,24.0,13.0
71,71.0,[0. 0. 1. 0. 1. 0. 0. 0. 0. 1. 0. 0.],"[0.0, 0.0, 0.0, 0.0, 1.0, 0.0, 0.0, 0.0, 0.0, 0.0, 0.0, 0.0]",0.5128209999999953,37.098962284,24.0,13.0
72,72.0,[0. 0. 1. 0. 1. 0. 0. 0. 0. 1. 0. 0.],"[0.0, 0.5, 0.499833333333333, 0.0, 0.00016666666666697148, 0.0, 0.0, 0.0, 0.0, 0.0, 0.0, 0.0]",0.5128210000000024,37.611783284,24.0,13.0
73,73.0,[0. 1. 0. 0. 1. 0. 0. 0. 0. 1. 0. 0.],"[0.0, 0.0, 0.00016666666666697148, 0.0, 0.999833333333333, 0.0, 0.0, 0.0, 0.0, 0.0, 0.0, 0.0]",0.5128210000000024,38.124604284,25.0,14.0
74,74.0,[0. 1. 0. 0. 1. 0. 0. 0. 0. 1. 0. 0.],"[0.0, 0.0, 0.0, 0.0, 0.998083333333316, 0.0, 0.0, 0.0, 0.0, 0.0, 0.0, 0.0]",0.5128210000000024,38.637425284,25.0,14.0
75,75.0,[0. 1. 0. 0. 1. 0. 0. 0. 0. 1. 0. 0.],"[0.0, 0.0, 0.0, 0.0, 0.5000000000000069, 0.0, 0.49983333333333996, 0.0, 0.0, 0.0, 0.0, 0.0]",0.5128209999999953,39.150246284000005,25.0,14.0
76,76.0,[0. 0. 0. 1. 0. 0. 1. 0. 0. 0. 0. 1.],"[0.0, 0.0, 0.999833333333333, 0.0, 0.0, 0.0, 0.00016666666666697148, 0.0, 0.0, 0.0, 0.0, 0.0]",0.5128210000000024,39.663067284,26.0,14.0
77,77.0,[0. 0. 0. 1. 0. 0. 1. 0. 0. 0. 0. 1.],"[0.0, 0.0, 1.0, 0.0, 0.0, 0.0, 0.0, 0.0, 0.0, 0.0, 0.0, 0.0]",0.5128209999999953,40.175888284,26.0,14.0
78,78.0,[0. 0. 0. 1. 0. 0. 1. 0. 0. 0. 0. 1.],"[0.0, 0.499833333333333, 0.00016666666666697148, 0.0, 0.0, 0.0, 0.0, 0.0, 0.0, 0.0, 0.0, 0.5]",0.5128210000000024,40.688709284,26.0,14.0
79,79.0,[0. 0. 0. 1. 0. 0. 1. 0. 0. 0. 0. 1.],"[0.0, 0.00016666666666697148, 0.997916666666649, 0.0, 0.0, 0.0, 0.0, 0.0, 0.0, 0.0, 0.0, 0.0]",0.5128210000000024,41.201530284,27.0,15.0
80,80.0,[0. 0. 0. 1. 0. 0. 1. 0. 0. 0. 0. 1.],"[0.0, 0.4998333333333607, 0.4999999999999723, 0.0, 0.0, 0.0, 0.0, 0.0, 0.0, 0.0, 0.0, 0.0]",0.5128210000000024,41.714351284,27.0,15.0
81,81.0,[0. 0. 0. 1. 0. 0. 1. 0. 0. 0. 0. 1.],"[0.0, 0.00016666666665311823, 0.49983333333333996, 0.0, 0.0, 0.0, 0.0, 0.0, 0.0, 0.0, 0.0, 0.5000000000000069]",0.5128209999999953,42.227172284000005,27.0,15.0
82,82.0,[0. 1. 0. 0. 1. 0. 0. 0. 0. 1. 0. 0.],"[0.0, 0.999833333333333, 0.00016666666666697148, 0.0, 0.0, 0.0, 0.0, 0.0, 0.0, 0.0, 0.0, 0.0]",0.5128210000000024,42.739993284,28.0,15.0
83,83.0,[0. 1. 0. 0. 1. 0. 0. 0. 0. 1. 0. 0.],"[0.0, 0.42516666666664654, 0.0, 0.0, 0.0, 0.0, 0.0, 0.0, 0.0, 0.0, 0.0, 0.0]",0.5128209999999953,43.252814284,28.0,15.0
84,84.0,[0. 1. 0. 0. 1. 0. 0. 0. 0. 1. 0. 0.],"[0.0, 0.0, 0.0, 0.0, 0.0, 0.0, 0.0, 0.0, 0.0, 0.999833333333333, 0.0, 0.0]",0.5128210000000024,43.765635284,28.0,15.0
85,85.0,[0. 0. 1. 0. 0. 0. 1. 0. 0. 1. 0. 0.],"[0.0, 0.0, 0.0, 0.0, 0.0, 0.0, 0.999833333333333, 0.0, 0.0, 0.00016666666666697148, 0.0, 0.0]",0.5128210000000024,44.278456284,29.0,16.0
86,86.0,[0. 0. 1. 0. 0. 0. 1. 0. 0. 1. 0. 0.],"[0.0, 0.0, 0.0, 0.0, 0.0, 0.0, 1.0, 0.0, 0.0, 0.0, 0.0, 0.0]",0.5128210000000024,44.791277284,29.0,16.0
87,87.0,[0. 0. 1. 0. 0. 0. 1. 0. 0. 1. 0. 0.],"[0.0, 0.0, 0.0, 0.0, 0.0, 0.0, 1.0, 0.0, 0.0, 0.0, 0.0, 0.0]",0.5128209999999953,45.304098284000005,29.0,16.0
88,88.0,[0. 0. 1. 0. 0. 0. 1. 0. 0. 1. 0. 0.],"[0.0, 0.0, 0.0, 0.0, 0.0, 0.0, 1.0, 0.0, 0.0, 0.0, 0.0, 0.0]",0.5128210000000024,45.816919284,30.0,16.0
89,89.0,[0. 0. 1. 0. 0. 0. 1. 0. 0. 1. 0. 0.],"[0.0, 0.0, 0.0, 0.0, 0.0, 0.0, 1.0, 0.0, 0.0, 0.0, 0.0, 0.0]",0.5128209999999953,46.329740284,30.0,16.0
90,90.0,[0. 0. 1. 0. 0. 0. 1. 0. 0. 1. 0. 0.],"[0.0, 0.0, 0.5, 0.0, 0.499833333333333, 0.0, 0.00016666666666697148, 0.0, 0.0, 0.0, 0.0, 0.0]",0.5128210000000024,46.842561284,30.0,16.0
91,91.0,[0. 0. 1. 0. 1. 0. 0. 0. 0. 1. 0. 0.],"[0.0, 0.0, 0.0, 0.0, 0.00016666666666697148, 0.0, 0.999833333333333, 0.0, 0.0, 0.0, 0.0, 0.0]",0.5128210000000024,47.355382284,31.0,17.0
92,92.0,[0. 0. 1. 0. 1. 0. 0. 0. 0. 1. 0. 0.],"[0.0, 0.0, 0.0, 0.0, 0.0, 0.0, 0.998083333333316, 0.0, 0.0, 0.0, 0.0, 0.0]",0.5128210000000024,47.868203284,31.0,17.0
93,93.0,[0. 0. 1. 0. 1. 0. 0. 0. 0. 1. 0. 0.],"[0.0, 0.0, 0.0, 0.0, 0.0, 0.0, 0.5000000000000069, 0.0, 0.0, 0.49983333333333996, 0.0, 0.0]",0.5128209999999953,48.381024284000006,31.0,17.0
94,94.0,[0. 0. 1. 0. 1. 0. 0. 0. 0. 1. 0. 0.],"[0.0, 0.0, 0.0, 0.0, 0.999833333333333, 0.0, 0.0, 0.0, 0.0, 0.00016666666666697148, 0.0, 0.0]",0.5128210000000024,48.893845284,32.0,17.0
95,95.0,[0. 0. 1. 0. 1. 0. 0. 0. 0. 1. 0. 0.],"[0.0, 0.0, 0.0, 0.0, 1.0, 0.0, 0.0, 0.0, 0.0, 0.0, 0.0, 0.0]",0.5128209999999953,49.406666284,32.0,17.0
96,96.0,[0. 0. 1. 0. 1. 0. 0. 0. 0. 1. 0. 0.],"[0.0, 0.5, 0.499833333333333, 0.0, 0.00016666666666697148, 0.0, 0.0, 0.0, 0.0, 0.0, 0.0, 0.0]",0.5128210000000024,49.919487284,32.0,17.0
97,97.0,[0. 1. 0. 0. 1. 0. 0. 0. 0. 1. 0. 0.],"[0.0, 0.0, 0.0001666666666669738, 0.0, 0.999833333333333, 0.0, 0.0, 0.0, 0.0, 0.0, 0.0, 0.0]",0.5128209999999953,50.432308284,33.0,18.0
98,98.0,[0. 1. 0. 0. 1. 0. 0. 0. 0. 1. 0. 0.],"[0.0, 0.0, 0.0, 0.0, 0.998083333333316, 0.0, 0.0, 0.0, 0.0, 0.0, 0.0, 0.0]",0.5128210000000095,50.945129284,33.0,18.0
99,99.0,[0. 1. 0. 0. 1. 0. 0. 0. 0. 1. 0. 0.],"[0.0, 0.0, 0.0, 0.0, 0.5000000000000069, 0.0, 0.49983333333333996, 0.0, 0.0, 0.0, 0.0, 0.0]",0.5128209999999953,51.457950284000006,33.0,18.0
100,100.0,[0. 0. 0. 1. 0. 0. 1. 0. 0. 0. 0. 1.],"[0.0, 0.0, 0.999833333333333, 0.0, 0.0, 0.0, 0.0001666666666669738, 0.0, 0.0, 0.0, 0.0, 0.0]",0.5128209999999953,51.970771284,34.0,18.0
101,101.0,[0. 0. 0. 1. 0. 0. 1. 0. 0. 0. 0. 1.],"[0.0, 0.0, 1.0, 0.0, 0.0, 0.0, 0.0, 0.0, 0.0, 0.0, 0.0, 0.0]",0.5128210000000024,52.483592284,34.0,18.0
102,102.0,[0. 0. 0. 1. 0. 0. 1. 0. 0. 0. 0. 1.],"[0.0, 0.499833333333333, 0.00016666666666697148, 0.0, 0.0, 0.0, 0.0, 0.0, 0.0, 0.0, 0.0, 0.5]",0.5128210000000024,52.996413284,34.0,18.0
103,103.0,[0. 1. 0. 0. 0. 0. 1. 0. 0. 0. 0. 1.],"[0.0, 0.0001666666666669738, 0.9979166666666628, 0.0, 0.0, 0.0, 0.0, 0.0, 0.0, 0.0, 0.0, 0.0]",0.5128209999999953,53.509234284,35.0,19.0
104,104.0,[0. 1. 0. 0. 0. 0. 1. 0. 0. 0. 0. 1.],"[0.0, 0.5040000000000003, 0.39166666666665706, 0.0, 0.0, 0.0, 0.0, 0.0, 0.0, 0.0, 0.0, 0.0]",0.5128210000000095,54.022055284,35.0,19.0
105,105.0,[0. 1. 0. 0. 0. 0. 1. 0. 0. 0. 0. 1.],"[0.0, 0.00016666666665311823, 0.5040000000000143, 0.0, 0.0, 0.0, 0.0, 0.0, 0.0, 0.0, 0.0, 0.4687500000000048]",0.5128209999999953,54.534876284000006,35.0,19.0
106,106.0,[0. 1. 0. 0. 0. 0. 1. 0. 0. 0. 0. 1.],"[0.0, 0.999833333333333, 0.0001666666666669738, 0.0, 0.0, 0.0, 0.0, 0.0, 0.0, 0.0, 0.0, 0.0]",0.5128209999999953,55.047697284,36.0,19.0
107,107.0,[0. 1. 0. 0. 0. 0. 1. 0. 0. 0. 0. 1.],"[0.0, 0.5251666666666711, 0.0, 0.0, 0.0, 0.0, 0.0, 0.0, 0.0, 0.0, 0.0, 0.0]",0.5128210000000024,55.560518284,36.0,19.0
108,108.0,[0. 1. 0. 0. 0. 0. 1. 0. 0. 0. 0. 1.],"[0.0, 0.0, 0.0, 0.0, 0.0, 0.0, 0.0, 0.0, 0.0, 0.9958333333333257, 0.0, 0.004000000000007315]",0.5128210000000024,56.073339284,36.0,19.0
109,109.0,[0. 0. 0. 1. 0. 0. 1. 0. 0. 0. 0. 1.],"[0.0, 0.0, 0.0, 0.0, 0.0, 0.0, 0.0, 0.0, 0.0, 0.0, 0.0, 1.0]",0.5128209999999953,56.586160284,37.0,20.0
110,110.0,[0. 0. 0. 1. 0. 0. 1. 0. 0. 0. 0. 1.],"[0.0, 0.0, 0.0, 0.0, 0.0, 0.0, 0.0, 0.0, 0.0, 0.0, 0.0, 1.0]",0.5128210000000095,57.098981284,37.0,20.0
111,111.0,[0. 0. 0. 1. 0. 0. 1. 0. 0. 0. 0. 1.],"[0.0, 0.0, 0.0, 0.0, 0.0, 0.0, 0.0, 0.0, 0.0, 0.0, 0.0, 1.0]",0.5128209999999953,57.61180228400001,37.0,20.0
112,112.0,[0. 0. 0. 1. 0. 0. 1. 0. 0. 0. 0. 1.],"[0.0, 0.0, 0.0, 0.0, 0.0, 0.0, 0.0, 0.0, 0.0, 0.0, 0.0, 1.0]",0.5128209999999953,58.124623284,38.0,20.0
113,113.0,[0. 0. 0. 1. 0. 0. 1. 0. 0. 0. 0. 1.],"[0.0, 0.0, 0.00399999999999346, 0.0, 0.0, 0.0, 0.0, 0.0, 0.0, 0.0, 0.0, 0.9960000000000065]",0.5128210000000024,58.637444284,38.0,20.0
114,114.0,[0. 0. 0. 1. 0. 0. 1. 0. 0. 0. 0. 1.],"[0.0, 0.0, 0.49599999999999267, 0.0, 0.5, 0.0, 0.004000000000007315, 0.0, 0.0, 0.0, 0.0, 0.0]",0.5128210000000024,59.150265284,38.0,20.0
115,115.0,[0. 0. 1. 0. 0. 0. 1. 0. 0. 1. 0. 0.],"[0.0, 0.0, 0.0, 0.0, 0.0, 0.0, 0.9979166666666628, 0.0, 0.0, 0.0, 0.0, 0.0]",0.5128209999999953,59.663086284,39.0,21.0
116,116.0,[0. 0. 1. 0. 0. 0. 1. 0. 0. 1. 0. 0.],"[0.0, 0.0, 0.00400000000000726, 0.0, 0.49999999999999306, 0.0, 0.49599999999999966, 0.0, 0.0, 0.0, 0.0, 0.0]",0.5128210000000095,60.175907284,39.0,21.0
117,117.0,[0. 0. 1. 0. 0. 0. 1. 0. 0. 1. 0. 0.],"[0.0, 0.0, 0.9960000000000064, 0.0, 0.0, 0.0, 0.003999999999993516, 0.0, 0.0, 0.0, 0.0, 0.0]",0.5128209999999953,60.68872828400001,39.0,21.0
118,118.0,[0. 0. 1. 0. 0. 0. 1. 0. 0. 1. 0. 0.],"[0.0, 0.0, 0.0, 0.0, 0.0, 0.0, 1.0, 0.0, 0.0, 0.0, 0.0, 0.0]",0.5128210000000024,61.201549284,40.0,21.0
119,119.0,[0. 0. 1. 0. 0. 0. 1. 0. 0. 1. 0. 0.],"[0.0, 0.0, 0.0, 0.0, 0.003999999999993516, 0.0, 0.9960000000000064, 0.0, 0.0, 0.0, 0.0, 0.0]",0.5128209999999953,61.714370284000005,40.0,21.0
120,120.0,[0. 0. 1. 0. 0. 0. 1. 0. 0. 1. 0. 0.],"[0.0, 0.0, 0.004000000000007315, 0.0, 0.49599999999999267, 0.0, 0.0, 0.0, 0.0, 0.0, 0.0, 0.5]",0.5128210000000024,62.227191284,40.0,21.0
121,121.0,[0. 0. 0. 1. 0. 0. 1. 0. 0. 0. 0. 1.],"[0.0, 0.0, 0.9979166666666629, 0.0, 0.0, 0.0, 0.0, 0.0, 0.0, 0.0, 0.0, 0.0]",0.5128210000000024,62.740012284,41.0,22.0
122,122.0,[0. 0. 0. 1. 0. 0. 1. 0. 0. 0. 0. 1.],"[0.0, 0.004000000000007315, 0.49599999999999267, 0.0, 0.5, 0.0, 0.0, 0.0, 0.0, 0.0, 0.0, 0.0]",0.5128210000000024,63.252833284000005,41.0,22.0
123,123.0,[0. 0. 0. 1. 0. 0. 1. 0. 0. 0. 0. 1.],"[0.0, 0.9960000000000203, 0.0, 0.0, 0.0, 0.0, 0.0, 0.0, 0.0, 0.0, 0.0, 0.003999999999979715]",0.5128209999999882,63.76565428400001,41.0,22.0
124,124.0,[0. 0. 0. 1. 0. 0. 1. 0. 0. 0. 0. 1.],"[0.0, 0.0, 0.0, 0.0, 0.0, 0.0, 0.0, 0.0, 0.0, 0.0, 0.0, 1.0]",0.5128210000000024,64.278475284,42.0,22.0
125,125.0,[0. 0. 0. 1. 0. 0. 1. 0. 0. 0. 0. 1.],"[0.0, 0.0, 0.0, 0.0, 0.0, 0.0, 0.0, 0.0, 0.0, 0.0, 0.0, 0.9979166666666767]",0.5128210000000024,64.791296284,42.0,22.0
126,126.0,[0. 0. 0. 1. 0. 0. 1. 0. 0. 0. 0. 1.],"[0.0, 0.0, 0.499833333333333, 0.0, 0.0, 0.0, 0.0, 0.0, 0.0, 0.0, 0.0, 0.49599999999999267]",0.5128210000000024,65.304117284,42.0,22.0
127,127.0,[0. 0. 1. 0. 0. 0. 1. 0. 0. 1. 0. 0.],"[0.0, 0.997916666666649, 0.00016666666666697148, 0.0, 0.0, 0.0, 0.0, 0.0, 0.0, 0.0, 0.0, 0.0]",0.5128210000000024,65.816938284,43.0,23.0
128,128.0,[0. 0. 1. 0. 0. 0. 1. 0. 0. 1. 0. 0.],"[0.0, 0.5000000000000139, 0.0, 0.0, 0.0, 0.0, 0.0, 0.0, 0.0, 0.0, 0.0, 0.49983333333331914]",0.5128209999999882,66.329759284,43.0,23.0
129,129.0,[0. 0. 1. 0. 0. 0. 1. 0. 0. 1. 0. 0.],"[0.0, 0.0, 0.0, 0.0, 0.0, 0.0, 0.0, 0.0, 0.0, 0.999833333333333, 0.0, 0.00016666666666697148]",0.5128210000000024,66.842580284,43.0,23.0
130,130.0,[0. 0. 1. 0. 0. 0. 1. 0. 0. 1. 0. 0.],"[0.0, 0.999833333333333, 0.0, 0.0, 0.0, 0.0, 0.0, 0.0, 0.0, 0.00016666666666697148, 0.0, 0.0]",0.5128210000000024,67.355401284,44.0,23.0
131,131.0,[0. 0. 1. 0. 0. 0. 1. 0. 0. 1. 0. 0.],"[0.0, 0.9980833333333436, 0.0, 0.0, 0.0, 0.0, 0.0, 0.0, 0.0, 0.0, 0.0, 0.0]",0.5128210000000024,67.868222284,44.0,23.0
132,132.0,[0. 0. 1. 0. 0. 0. 1. 0. 0. 1. 0. 0.],"[0.0, 0.5000000000000139, 0.0, 0.0, 0.0, 0.0, 0.0, 0.0, 0.0, 0.49983333333331914, 0.0, 0.0]",0.5128209999999882,68.381043284,44.0,23.0
133,133.0,[0. 0. 0. 1. 0. 0. 1. 0. 0. 0. 0. 1.],"[0.0, 0.0, 0.0, 0.0, 0.0, 0.0, 0.0, 0.0, 0.0, 0.00016666666669468263, 0.0, 0.9979166666666767]",0.5128210000000024,68.89386428399999,45.0,24.0
134,134.0,[0. 0. 0. 1. 0. 0. 1. 0. 0. 0. 0. 1.],"[0.0, 0.0, 0.499833333333333, 0.0, 0.0, 0.0, 0.0, 0.0, 0.0, 0.0, 0.0, 0.4999999999999723]",0.5128210000000024,69.40668528399999,45.0,24.0
135,135.0,[0. 0. 0. 1. 0. 0. 1. 0. 0. 0. 0. 1.],"[0.0, 0.5000336163279983, 0.49996638367200175, 0.0, 0.0, 0.0, 0.0, 0.0, 0.0, 0.0, 0.0, 0.0]",0.5127865240000062,69.919506284,45.0,24.0
136,136.0,[0. 0. 0. 1. 0. 0. 1. 0. 0. 0. 0. 1.],"[0.0, 0.0, 0.0001666666666391066, 0.0, 0.0, 0.0, 0.0, 0.0, 0.0, 0.0, 0.0, 0.9998333333333609]",0.5042020000000065,70.432292808,46.0,24.0
137,137.0,[0. 0. 0. 1. 0. 0. 1. 0. 0. 0. 0. 1.],"[0.0, 0.0, 0.0, 0.0, 0.0, 0.0, 0.0, 0.0, 0.0, 0.0, 0.0, 1.0]",0.5042019999999923,70.936494808,46.0,24.0
138,138.0,[0. 0. 0. 1. 0. 0. 1. 0. 0. 0. 0. 1.],"[0.0, 0.0, 0.4999999999999859, 0.0, 0.4998333333333468, 0.0, 0.0, 0.0, 0.0, 0.0, 0.0, 0.00016666666666729143]",0.5042020000000065,71.440696808,46.0,24.0
139,139.0,[0. 0. 0. 1. 0. 0. 1. 0. 0. 0. 0. 1.],"[0.0, 0.0, 0.0, 0.0, 0.00016666666663911128, 0.0, 0.997916666666687, 0.0, 0.0, 0.0, 0.0, 0.0]",0.5042019999999923,71.944898808,47.0,25.0
140,140.0,[0. 0. 1. 0. 0. 0. 1. 0. 0. 1. 0. 0.],"[0.0, 0.0, 0.0, 0.0, 0.0, 0.0, 0.4999999999999859, 0.0, 0.0, 0.49791666666664475, 0.0, 0.0]",0.5042020000000065,72.449100808,47.0,25.0
141,141.0,[0. 0. 1. 0. 0. 0. 1. 0. 0. 1. 0. 0.],"[0.0, 0.0, 0.0, 0.0, 0.4998333333333609, 0.0, 0.0, 0.0, 0.0, 0.5, 0.0, 0.0]",0.5042019999999923,72.953302808,47.0,25.0
142,142.0,[0. 0. 1. 0. 0. 0. 1. 0. 0. 1. 0. 0.],"[0.0, 0.0, 0.0, 0.0, 0.00016666666666729143, 0.0, 0.9998333333333327, 0.0, 0.0, 0.0, 0.0, 0.0]",0.5042020000000065,73.457504808,48.0,25.0
143,143.0,[0. 0. 1. 0. 0. 0. 1. 0. 0. 1. 0. 0.],"[0.0, 0.0, 0.0, 0.0, 0.9998333333333609, 0.0, 0.00016666666663911128, 0.0, 0.0, 0.0, 0.0, 0.0]",0.5042019999999923,73.961706808,48.0,25.0
144,144.0,[0. 0. 1. 0. 0. 0. 1. 0. 0. 1. 0. 0.],"[0.0, 0.4999999999999859, 0.4998333333333468, 0.0, 0.00016666666666729143, 0.0, 0.0, 0.0, 0.0, 0.0, 0.0, 0.0]",0.5042020000000065,74.465908808,48.0,25.0
145,145.0,[0. 0. 1. 0. 0. 0. 1. 0. 0. 1. 0. 0.],"[0.0, 0.0, 0.0001666666666391066, 0.0, 0.9979166666666589, 0.0, 0.0, 0.0, 0.0, 0.0, 0.0, 0.0]",0.5042020000000065,74.970110808,49.0,26.0
146,146.0,[0. 0. 1. 0. 0. 0. 1. 0. 0. 0. 0. 1.],"[0.0, 0.0, 0.0, 0.0, 0.5, 0.0, 0.4998333333333609, 0.0, 0.0, 0.0, 0.0, 0.0]",0.5042019999999923,75.47431280800001,49.0,26.0
147,147.0,[0. 0. 1. 0. 0. 0. 1. 0. 0. 0. 0. 1.],"[0.0, 0.0, 0.4998333333333468, 0.0, 0.5000000000000141, 0.0, 0.0001666666666391066, 0.0, 0.0, 0.0, 0.0, 0.0]",0.5042020000000065,75.978514808,49.0,26.0
148,148.0,[0. 0. 1. 0. 0. 0. 1. 0. 0. 0. 0. 1.],"[0.0, 0.5, 0.5, 0.0, 0.0, 0.0, 0.0, 0.0, 0.0, 0.0, 0.0, 0.0]",0.5042019999999923,76.482716808,50.0,26.0
149,149.0,[0. 0. 1. 0. 0. 0. 1. 0. 0. 0. 0. 1.],"[0.0, 0.0, 0.00016666666666729143, 0.0, 0.0, 0.0, 0.0, 0.0, 0.0, 0.0, 0.0, 0.9979166666666307]",0.5042020000000065,76.986918808,50.0,26.0
150,150.0,[0. 0. 1. 0. 0. 0. 1. 0. 0. 0. 0. 1.],"[0.0, 0.5040000000000151, 0.0, 0.0, 0.0, 0.0, 0.0, 0.0, 0.0, 0.0, 0.0, 0.0]",0.5042019999999923,77.491120808,50.0,26.0
151,151.0,[0. 0. 1. 0. 0. 0. 1. 0. 0. 0. 0. 1.],"[0.0, 0.00016665527122036746, 0.997884047199825, 0.0, 0.0, 0.0, 0.0, 0.0, 0.0, 0.0, 0.0, 0.0]",0.5042364760000027,77.995322808,51.0,27.0
152,152.0,[0. 1. 0. 0. 0. 0. 1. 0. 0. 0. 1. 0.],"[0.0, 0.499833333333333, 0.5, 0.0, 0.0, 0.0, 0.0, 0.0, 0.0, 0.0, 0.0, 0.0]",0.5128210000000024,78.499559284,51.0,27.0
153,153.0,[0. 1. 0. 0. 0. 0. 1. 0. 0. 0. 1. 0.],"[0.0, 0.00016666666666697148, 0.0, 0.0, 0.0, 0.0, 0.0, 0.0, 0.0, 0.0, 0.0, 0.999833333333333]",0.5128210000000024,79.012380284,51.0,27.0
154,154.0,[0. 1. 0. 0. 0. 0. 1. 0. 0. 0. 1. 0.],"[0.0, 0.9998333333333608, 0.0, 0.0, 0.0, 0.0, 0.0, 0.0, 0.0, 0.0, 0.0, 0.00016666666663926036]",0.5128210000000024,79.525201284,52.0,27.0
155,155.0,[0. 1. 0. 0. 0. 0. 1. 0. 0. 0. 1. 0.],"[0.0, 0.998083333333316, 0.0, 0.0, 0.0, 0.0, 0.0, 0.0, 0.0, 0.0, 0.0, 0.0]",0.5128210000000024,80.03802228400001,52.0,27.0
156,156.0,[0. 1. 0. 0. 0. 0. 1. 0. 0. 0. 1. 0.],"[0.0, 0.5, 0.0, 0.0, 0.0, 0.0, 0.0, 0.0, 0.0, 0.4998333333333607, 0.0, 0.0]",0.5128210000000024,80.55084328400001,52.0,27.0
157,157.0,[0. 0. 0. 1. 0. 0. 1. 0. 0. 0. 0. 1.],"[0.0, 0.0, 0.0, 0.0, 0.0, 0.0, 0.0, 0.0, 0.0, 0.00016666666663926497, 0.0, 0.9979166666666767]",0.5128209999999882,81.06366428400001,53.0,28.0
158,158.0,[0. 0. 0. 1. 0. 0. 1. 0. 0. 0. 0. 1.],"[0.0, 0.0, 0.499833333333333, 0.0, 0.0, 0.0, 0.0, 0.0, 0.0, 0.0, 0.0, 0.5]",0.5128210000000024,81.576485284,53.0,28.0
159,159.0,[0. 0. 0. 1. 0. 0. 1. 0. 0. 0. 0. 1.],"[0.0, 0.4999999999999723, 0.5000000000000278, 0.0, 0.0, 0.0, 0.0, 0.0, 0.0, 0.0, 0.0, 0.0]",0.5128210000000024,82.089306284,53.0,28.0
160,160.0,[0. 0. 0. 1. 0. 0. 1. 0. 0. 0. 0. 1.],"[0.0, 0.0, 0.00016666666663926036, 0.0, 0.0, 0.0, 0.0, 0.0, 0.0, 0.0, 0.0, 0.9998333333333608]",0.5128210000000024,82.602127284,54.0,28.0
161,161.0,[0. 0. 0. 1. 0. 0. 1. 0. 0. 0. 0. 1.],"[0.0, 0.0, 0.0, 0.0, 0.0, 0.0, 0.0, 0.0, 0.0, 0.0, 0.0, 1.0]",0.5128210000000024,83.11494828400001,54.0,28.0
162,162.0,[0. 0. 0. 1. 0. 0. 1. 0. 0. 0. 0. 1.],"[0.0, 0.0, 0.5, 0.0, 0.4998333333333607, 0.0, 0.0, 0.0, 0.0, 0.0, 0.0, 0.00016666666663926036]",0.5128210000000024,83.62776928400001,54.0,28.0
163,163.0,[0. 0. 1. 0. 1. 0. 0. 0. 0. 1. 0. 0.],"[0.0, 0.0, 0.0, 0.0, 0.00016666666663926497, 0.0, 0.9998333333333608, 0.0, 0.0, 0.0, 0.0, 0.0]",0.5128209999999882,84.14059028400001,55.0,29.0
164,164.0,[0. 0. 1. 0. 1. 0. 0. 0. 0. 1. 0. 0.],"[0.0, 0.0, 0.0, 0.0, 0.0, 0.0, 1.0, 0.0, 0.0, 0.0, 0.0, 0.0]",0.5128210000000024,84.653411284,55.0,29.0
165,165.0,[0. 0. 1. 0. 1. 0. 0. 0. 0. 1. 0. 0.],"[0.0, 0.0, 0.0, 0.0, 0.0, 0.0, 0.5000000000000278, 0.4999999999999723, 0.0, 0.0, 0.0, 0.0]",0.5128210000000024,85.166232284,55.0,29.0
166,166.0,[0. 0. 1. 0. 1. 0. 0. 0. 0. 1. 0. 0.],"[0.0, 0.0, 0.0, 0.0, 0.9998333333333608, 0.0, 0.00016666666663926036, 0.0, 0.0, 0.0, 0.0, 0.0]",0.5128210000000024,85.679053284,56.0,29.0
167,167.0,[0. 0. 1. 0. 1. 0. 0. 0. 0. 1. 0. 0.],"[0.0, 0.0, 0.0, 0.0, 1.0, 0.0, 0.0, 0.0, 0.0, 0.0, 0.0, 0.0]",0.5128210000000024,86.19187428400001,56.0,29.0
168,168.0,[0. 0. 1. 0. 1. 0. 0. 0. 0. 1. 0. 0.],"[0.0, 0.5, 0.4998333333333607, 0.0, 0.00016666666663926036, 0.0, 0.0, 0.0, 0.0, 0.0, 0.0, 0.0]",0.5128210000000024,86.70469528400001,56.0,29.0
169,169.0,[0. 0. 0. 0. 1. 0. 0. 0. 0. 1. 0. 1.],"[0.0, 0.0, 0.00016666666663926497, 0.0, 0.9998333333333608, 0.0, 0.0, 0.0, 0.0, 0.0, 0.0, 0.0]",0.5128209999999882,87.21751628400001,57.0,30.0
170,170.0,[0. 0. 0. 0. 1. 0. 0. 0. 0. 1. 0. 1.],"[0.0, 0.0, 0.0, 0.0, 0.998083333333316, 0.0, 0.0, 0.0, 0.0, 0.0, 0.0, 0.0]",0.5128210000000024,87.730337284,57.0,30.0
171,171.0,[0. 0. 0. 0. 1. 0. 0. 0. 0. 1. 0. 1.],"[0.0, 0.0, 0.004000000000007315, 0.0, 0.49583333333335344, 0.0, 0.5, 0.0, 0.0, 0.0, 0.0, 0.0]",0.5128210000000024,88.243158284,57.0,30.0
172,172.0,[0. 0. 0. 0. 1. 0. 0. 0. 0. 1. 0. 1.],"[0.0, 0.0, 1.0, 0.0, 0.0, 0.0, 0.0, 0.0, 0.0, 0.0, 0.0, 0.0]",0.5128122680000047,88.755979284,58.0,30.0
173,173.0,[0. 0. 0. 0. 1. 0. 0. 0. 0. 1. 0. 1.],"[0.0, 0.0040000000000118, 0.4293333333333197, 0.0, 0.0, 0.0, 0.0, 0.0, 0.0, 0.0, 0.0, 0.5]",0.5106380000000001,89.26879155200001,58.0,30.0
174,174.0,[0. 0. 0. 0. 1. 0. 0. 0. 0. 1. 0. 1.],"[0.0, 0.496000000000002, 0.503999999999998, 0.0, 0.0, 0.0, 0.0, 0.0, 0.0, 0.0, 0.0, 0.0]",0.5106379999999859,89.77942955200001,58.0,30.0
175,175.0,[0. 0. 0. 0. 1. 0. 0. 0. 0. 1. 0. 1.],"[0.0, 0.0, 0.9833333333333398, 0.0, 0.0, 0.0, 0.0, 0.0, 0.0, 0.0, 0.0, 0.0]",0.5106380000000001,90.290067552,59.0,31.0
176,176.0,[0. 0. 1. 0. 0. 0. 1. 0. 0. 1. 0. 0.],"[0.0, 0.5, 0.49600000000001604, 0.0, 0.0, 0.0, 0.0, 0.0, 0.0, 0.0, 0.0, 0.00399999999998397]",0.5106380000000001,90.800705552,59.0,31.0
177,177.0,[0. 0. 1. 0. 0. 0. 1. 0. 0. 1. 0. 0.],"[0.0, 0.00399999999998397, 0.5, 0.0, 0.0, 0.0, 0.0, 0.0, 0.0, 0.0, 0.0, 0.49600000000001604]",0.5106380000000001,91.311343552,59.0,31.0
178,178.0,[0. 0. 1. 0. 0. 0. 1. 0. 0. 1. 0. 0.],"[0.0, 1.0, 0.0, 0.0, 0.0, 0.0, 0.0, 0.0, 0.0, 0.0, 0.0, 0.0]",0.5106380000000001,91.821981552,60.0,31.0
179,179.0,[0. 1. 0. 0. 1. 0. 0. 0. 0. 1. 0. 0.],"[0.0, 0.4210000000000035, 0.0, 0.0, 0.0, 0.0, 0.0, 0.0, 0.0, 0.0, 0.0, 0.0]",0.5106380000000001,92.332619552,60.0,31.0
180,180.0,[0. 1. 0. 0. 1. 0. 0. 0. 0. 1. 0. 0.],"[0.0, 0.0, 0.0, 0.0, 0.0, 0.0, 0.0, 0.0, 0.0, 0.9998333333333119, 0.0, 0.0]",0.5106380000000001,92.843257552,60.0,31.0
181,181.0,[0. 1. 0. 0. 1. 0. 0. 0. 0. 1. 0. 0.],"[0.0, 0.0, 0.0, 0.0, 0.0, 0.0, 0.9998333333333119, 0.0, 0.0, 0.00016666666668803054, 0.0, 0.0]",0.5106380000000001,93.353895552,61.0,32.0
182,182.0,[0. 0. 1. 0. 0. 0. 1. 0. 0. 1. 0. 0.],"[0.0, 0.0, 0.0, 0.0, 0.0, 0.0, 1.0, 0.0, 0.0, 0.0, 0.0, 0.0]",0.5106380000000001,93.864533552,61.0,32.0
183,183.0,[0. 0. 1. 0. 0. 0. 1. 0. 0. 1. 0. 0.],"[0.0, 0.0, 0.0, 0.0, 0.0, 0.0, 1.0, 0.0, 0.0, 0.0, 0.0, 0.0]",0.5106380000000001,94.375171552,61.0,32.0
184,184.0,[0. 0. 1. 0. 0. 0. 1. 0. 0. 1. 0. 0.],"[0.0, 0.0, 0.0, 0.0, 0.0, 0.0, 1.0, 0.0, 0.0, 0.0, 0.0, 0.0]",0.5106380000000001,94.885809552,62.0,32.0
185,185.0,[0. 0. 1. 0. 0. 0. 1. 0. 0. 1. 0. 0.],"[0.0, 0.0, 0.0, 0.0, 0.0, 0.0, 1.0, 0.0, 0.0, 0.0, 0.0, 0.0]",0.5106380000000001,95.396447552,62.0,32.0
186,186.0,[0. 0. 1. 0. 0. 0. 1. 0. 0. 1. 0. 0.],"[0.0, 0.0, 0.5, 0.0, 0.499833333333312, 0.0, 0.00016666666668803054, 0.0, 0.0, 0.0, 0.0, 0.0]",0.5106380000000001,95.907085552,62.0,32.0
187,187.0,[0. 0. 1. 0. 0. 0. 1. 0. 0. 1. 0. 0.],"[0.0, 0.0, 0.0, 0.0, 0.00016666666668803054, 0.0, 0.9998333333333119, 0.0, 0.0, 0.0, 0.0, 0.0]",0.5106380000000001,96.417723552,63.0,33.0
188,188.0,[0. 0. 1. 0. 1. 0. 0. 0. 0. 1. 0. 0.],"[0.0, 0.0, 0.0, 0.0, 0.0, 0.0, 0.9980833333333521, 0.0, 0.0, 0.0, 0.0, 0.0]",0.5106380000000001,96.928361552,63.0,33.0
189,189.0,[0. 0. 1. 0. 1. 0. 0. 0. 0. 1. 0. 0.],"[0.0, 0.0, 0.0, 0.0, 0.0, 0.0, 0.5, 0.0, 0.0, 0.499833333333312, 0.0, 0.0]",0.5106380000000001,97.438999552,63.0,33.0
190,190.0,[0. 0. 1. 0. 1. 0. 0. 0. 0. 1. 0. 0.],"[0.0, 0.0, 0.0, 0.0, 0.9998333333333119, 0.0, 0.0, 0.0, 0.0, 0.00016666666668803054, 0.0, 0.0]",0.5106380000000001,97.949637552,64.0,33.0
191,191.0,[0. 0. 1. 0. 1. 0. 0. 0. 0. 1. 0. 0.],"[0.0, 0.0, 0.0, 0.0, 1.0, 0.0, 0.0, 0.0, 0.0, 0.0, 0.0, 0.0]",0.5106380000000001,98.460275552,64.0,33.0
192,192.0,[0. 0. 1. 0. 1. 0. 0. 0. 0. 1. 0. 0.],"[0.0, 0.49583333333330015, 0.5, 0.0, 0.00416666666669983, 0.0, 0.0, 0.0, 0.0, 0.0, 0.0, 0.0]",0.5106380000000001,98.970913552,64.0,33.0
193,193.0,[0. 0. 1. 0. 1. 0. 0. 0. 0. 1. 0. 0.],"[0.0, 0.0, 0.0, 0.0, 1.0, 0.0, 0.0, 0.0, 0.0, 0.0, 0.0, 0.0]",0.5106380000000001,99.481551552,65.0,34.0
194,194.0,[0. 1. 0. 0. 1. 0. 0. 0. 0. 1. 0. 0.],"[0.0, 0.0, 0.0, 0.0, 0.9979166666666919, 0.0, 0.0, 0.0, 0.0, 0.0, 0.0, 0.0]",0.5106380000000001,99.992189552,65.0,34.0
195,195.0,[0. 1. 0. 0. 1. 0. 0. 0. 0. 1. 0. 0.],"[0.0, 0.0, 0.0040000000000118, 0.0, 0.4959999999999882, 0.0, 0.5, 0.0, 0.0, 0.0, 0.0, 0.0]",0.5106380000000001,100.502827552,65.0,34.0
196,196.0,[0. 1. 0. 0. 1. 0. 0. 0. 0. 1. 0. 0.],"[0.0, 0.0, 1.0, 0.0, 0.0, 0.0, 0.0, 0.0, 0.0, 0.0, 0.0, 0.0]",0.5106380000000001,101.013465552,66.0,34.0
197,197.0,[0. 0. 0. 1. 0. 0. 1. 0. 0. 0. 0. 1.],"[0.0, 0.0, 0.9959999999999882, 0.0, 0.0, 0.0, 0.0, 0.0, 0.0, 0.0, 0.0, 0.0040000000000118]",0.5106380000000001,101.524103552,66.0,34.0
198,198.0,[0. 0. 0. 1. 0. 0. 1. 0. 0. 0. 0. 1.],"[0.0, 0.5, 0.0040000000000118, 0.0, 0.0, 0.0, 0.0, 0.0, 0.0, 0.0, 0.0, 0.4959999999999882]",0.5106380000000001,102.034741552,66.0,34.0
199,199.0,[0. 0. 0. 1. 0. 0. 1. 0. 0. 0. 0. 1.],"[0.0, 0.0, 0.9979166666666919, 0.0, 0.0, 0.0, 0.0, 0.0, 0.0, 0.0, 0.0, 0.0]",0.5106380000000001,102.545379552,67.0,35.0
200,200.0,[0. 1. 0. 0. 0. 0. 1. 0. 0. 0. 0. 1.],"[0.0, 0.5, 0.38766666666668315, 0.0, 0.0, 0.0, 0.0, 0.0, 0.0, 0.0, 0.0, 0.0040000000000118]",0.5106380000000001,103.056017552,67.0,35.0
201,201.0,[0. 1. 0. 0. 0. 0. 1. 0. 0. 0. 0. 1.],"[0.0, 0.0, 0.5040000000000118, 0.0, 0.0, 0.0, 0.0, 0.0, 0.0, 0.0, 0.0, 0.4647500000000038]",0.5106380000000001,103.566655552,67.0,35.0
202,202.0,[0. 1. 0. 0. 0. 0. 1. 0. 0. 0. 0. 1.],"[0.0, 0.9998333333333119, 0.00016666666668803054, 0.0, 0.0, 0.0, 0.0, 0.0, 0.0, 0.0, 0.0, 0.0]",0.5106380000000001,104.077293552,68.0,35.0
203,203.0,[0. 1. 0. 0. 0. 0. 1. 0. 0. 0. 0. 1.],"[0.0, 0.5251666666666366, 0.0, 0.0, 0.0, 0.0, 0.0, 0.0, 0.0, 0.0, 0.0, 0.0]",0.5106380000000001,104.587931552,68.0,35.0
204,204.0,[0. 1. 0. 0. 0. 0. 1. 0. 0. 0. 0. 1.],"[0.0, 0.0, 0.0, 0.0, 0.0, 0.0, 0.0, 0.0, 0.0, 0.9998333333333119, 0.0, 0.0]",0.5106380000000144,105.098569552,68.0,35.0
205,205.0,[0. 1. 0. 0. 0. 0. 1. 0. 0. 0. 0. 1.],"[0.0, 0.0, 0.0, 0.0, 0.0, 0.0, 0.0, 0.0, 0.0, 0.00016666666668803054, 0.0, 0.9998333333333119]",0.5106380000000001,105.60920755200002,69.0,36.0
206,206.0,[0. 0. 0. 1. 0. 0. 1. 0. 0. 0. 0. 1.],"[0.0, 0.0, 0.0, 0.0, 0.0, 0.0, 0.0, 0.0, 0.0, 0.0, 0.0, 1.0]",0.5106380000000001,106.11984555200002,69.0,36.0
207,207.0,[0. 0. 0. 1. 0. 0. 1. 0. 0. 0. 0. 1.],"[0.0, 0.0, 0.0, 0.0, 0.0, 0.0, 0.0, 0.0, 0.0, 0.0, 0.0, 1.0]",0.5106380000000001,106.63048355200002,69.0,36.0
208,208.0,[0. 0. 0. 1. 0. 0. 1. 0. 0. 0. 0. 1.],"[0.0, 0.0, 0.0, 0.0, 0.0, 0.0, 0.0, 0.0, 0.0, 0.0, 0.0, 1.0]",0.5106380000000001,107.14112155200002,70.0,36.0
209,209.0,[0. 0. 0. 1. 0. 0. 1. 0. 0. 0. 0. 1.],"[0.0, 0.0, 0.0, 0.0, 0.0, 0.0, 0.0, 0.0, 0.0, 0.0, 0.0, 1.0]",0.5106380000000001,107.65175955200002,70.0,36.0
210,210.0,[0. 0. 0. 1. 0. 0. 1. 0. 0. 0. 0. 1.],"[0.0, 0.0, 0.0, 0.0, 0.0, 0.0, 0.0, 0.0, 0.0, 0.0, 0.0, 0.9980833333333242]",0.5106380000000001,108.16239755200002,70.0,36.0
211,211.0,[0. 0. 0. 1. 0. 0. 1. 0. 0. 0. 0. 1.],"[0.0, 0.49983333333339547, 0.0, 0.0, 0.0, 0.0, 0.0, 0.0, 0.0, 0.0, 0.0, 0.4999999999999165]",0.5106380000000001,108.67303555200002,71.0,37.0
212,212.0,[0. 0. 1. 0. 0. 0. 1. 0. 0. 0. 0. 1.],"[0.0, 0.00016666666668803054, 0.4999999999999165, 0.0, 0.0, 0.0, 0.0, 0.0, 0.0, 0.0, 0.0, 0.49791666666671963]",0.5106380000000001,109.18367355200002,71.0,37.0
213,213.0,[0. 0. 1. 0. 0. 0. 1. 0. 0. 0. 0. 1.],"[0.0, 0.0, 0.49983333333339547, 0.0, 0.0, 0.0, 0.0, 0.0, 0.0, 0.0, 0.0, 0.4999999999999165]",0.5106380000000001,109.69431155200002,71.0,37.0
214,214.0,[0. 0. 1. 0. 0. 0. 1. 0. 0. 0. 0. 1.],"[0.0, 0.0, 0.00016666666660454171, 0.0, 0.0, 0.0, 0.9998333333333954, 0.0, 0.0, 0.0, 0.0, 0.0]",0.5106380000000001,110.20494955200002,72.0,37.0
215,215.0,[0. 0. 1. 0. 0. 0. 1. 0. 0. 0. 0. 1.],"[0.0, 0.0, 0.0, 0.0, 0.0, 0.0, 0.27308333333331447, 0.0, 0.0, 0.0, 0.0, 0.0]",0.5106380000000001,110.71558755200002,72.0,37.0
216,216.0,[0. 0. 1. 0. 0. 0. 1. 0. 0. 0. 0. 1.],"[0.0, 0.0, 0.0, 0.0, 0.0, 0.0, 0.0, 0.9998333333333954, 0.0, 0.0, 0.0, 0.0]",0.5106380000000001,111.22622555200002,72.0,37.0
217,217.0,[0. 0. 1. 0. 0. 0. 1. 0. 0. 0. 0. 1.],"[0.0, 0.0, 0.0, 0.0, 0.9998333249304113, 0.0, 0.0, 0.0001666750695886346, 0.0, 0.0, 0.0, 0.0]",0.5106122560000017,111.73686355200002,73.0,38.0
218,218.0,[0. 0. 0. 0. 1. 0. 1. 0. 0. 0. 0. 1.],"[0.0, 0.0, 0.0, 0.0, 0.16266666666665178, 0.0, 0.0, 0.0, 0.0, 0.0, 0.0, 0.0]",0.5042020000000207,112.24747580800002,73.0,38.0
219,219.0,[0. 0. 0. 0. 1. 0. 1. 0. 0. 0. 0. 1.],"[0.0, 0.0, 0.0, 0.0, 0.0, 0.0, 0.499833333333375, 0.0, 0.0, 0.0, 0.0, 0.0]",0.5042019999999781,112.75167780800004,73.0,38.0
220,220.0,[0. 0. 0. 0. 1. 0. 1. 0. 0. 0. 0. 1.],"[0.0, 0.0, 0.9977500000000198, 0.0, 0.0, 0.0, 0.00016666666666729143, 0.0, 0.0, 0.0, 0.0, 0.0]",0.5042020000000065,113.25587980800002,74.0,38.0
221,221.0,[0. 0. 0. 0. 1. 0. 1. 0. 0. 0. 0. 1.],"[0.0, 0.4998333333333327, 0.5001666666666673, 0.0, 0.0, 0.0, 0.0, 0.0, 0.0, 0.0, 0.0, 0.0]",0.5042019999999923,113.76008180800002,74.0,38.0
222,222.0,[0. 0. 0. 0. 1. 0. 1. 0. 0. 0. 0. 1.],"[0.0, 0.00016666666666729143, 0.0, 0.0, 0.0, 0.0, 0.0, 0.0, 0.0, 0.0, 0.0, 0.9979166666666307]",0.5042020000000065,114.26428380800002,74.0,38.0
223,223.0,[0. 0. 0. 0. 1. 0. 1. 0. 0. 0. 0. 1.],"[0.0, 0.4998333333333186, 0.0, 0.0, 0.0, 0.0, 0.0, 0.0, 0.0, 0.0, 0.0, 0.5000000000000423]",0.5042019999999781,114.76848580800002,75.0,39.0
224,224.0,[0. 0. 0. 1. 0. 0. 1. 0. 0. 0. 0. 1.],"[0.0, 0.00016666666669547158, 0.4999999999999718, 0.0, 0.0, 0.0, 0.0, 0.0, 0.0, 0.0, 0.0, 0.4979166666666871]",0.5042020000000207,115.272687808,75.0,39.0
225,225.0,[0. 0. 0. 1. 0. 0. 1. 0. 0. 0. 0. 1.],"[0.0, 0.0, 0.4998333333333186, 0.0, 0.0, 0.0, 0.0, 0.0, 0.0, 0.0, 0.0, 0.5000000000000423]",0.5042019999999781,115.77688980800002,75.0,39.0
226,226.0,[0. 0. 0. 1. 0. 0. 1. 0. 0. 0. 0. 1.],"[0.0, 0.0, 0.00016666666669547158, 0.0, 0.0, 0.0, 0.0, 0.0, 0.0, 0.0, 0.0, 0.9998333333333045]",0.5042020000000207,116.281091808,76.0,39.0
227,227.0,[0. 0. 0. 1. 0. 0. 1. 0. 0. 0. 0. 1.],"[0.0, 0.0, 0.0, 0.0, 0.49791666666663076, 0.0, 0.4999999999999718, 0.0, 0.0, 0.0, 0.0, 0.00016666666666728674]",0.5042020000000207,116.78529380800002,76.0,40.0
228,228.0,[0. 0. 1. 0. 0. 0. 1. 0. 0. 0. 0. 1.],"[0.0, 0.0, 0.0, 0.0, 0.9998333333333891, 0.0, 0.0, 0.0, 0.0, 0.0, 0.0, 0.0]",0.5042019999999781,117.28949580800004,76.0,40.0
229,229.0,[0. 0. 1. 0. 0. 0. 1. 0. 0. 0. 0. 1.],"[0.0, 0.0, 0.0, 0.0, 0.00016666666666728674, 0.0, 0.9998333333333327, 0.0, 0.0, 0.0, 0.0, 0.0]",0.5042020000000207,117.79369780800002,77.0,40.0
230,230.0,[0. 0. 1. 0. 0. 0. 1. 0. 0. 0. 0. 1.],"[0.0, 0.0, 0.0, 0.0, 0.0, 0.0, 1.0, 0.0, 0.0, 0.0, 0.0, 0.0]",0.5042019999999781,118.29789980800004,77.0,40.0
231,231.0,[0. 0. 1. 0. 0. 0. 1. 0. 0. 0. 0. 1.],"[0.0, 0.0, 0.0, 0.0, 0.0, 0.0, 1.0, 0.0, 0.0, 0.0, 0.0, 0.0]",0.5042020000000065,118.80210180800002,77.0,40.0
232,232.0,[0. 0. 1. 0. 0. 0. 1. 0. 0. 0. 0. 1.],"[0.0, 0.0, 0.0, 0.0, 0.0, 0.0, 1.0, 0.0, 0.0, 0.0, 0.0, 0.0]",0.5042019999999923,119.30630380800002,78.0,40.0
233,233.0,[0. 0. 1. 0. 0. 0. 1. 0. 0. 1. 0. 0.],"[0.0, 0.0, 0.0, 0.0, 0.0, 0.0, 1.0, 0.0, 0.0, 0.0, 0.0, 0.0]",0.5042020000000065,119.81050580800002,78.0,40.0
234,234.0,[0. 0. 1. 0. 0. 0. 1. 0. 0. 1. 0. 0.],"[0.0, 0.0, 0.5, 0.0, 0.4998333333333609, 0.0, 0.00016666666663910188, 0.0, 0.0, 0.0, 0.0, 0.0]",0.5042020000000207,120.31470780800002,78.0,40.0
235,235.0,[0. 0. 1. 0. 0. 0. 1. 0. 0. 1. 0. 0.],"[0.0, 0.0, 0.0, 0.0, 0.00016666666661093113, 0.0, 0.9998333333333891, 0.0, 0.0, 0.0, 0.0, 0.0]",0.5042019999999781,120.81890980800004,79.0,41.0
236,236.0,[0. 0. 1. 0. 0. 0. 1. 0. 0. 1. 0. 0.],"[0.0, 0.0, 0.0, 0.0, 0.0, 0.0, 0.9980833333333542, 0.0, 0.0, 0.0, 0.0, 0.0]",0.5042019999999781,121.32311180800002,79.0,41.0
237,237.0,[0. 0. 1. 0. 0. 0. 1. 0. 0. 1. 0. 0.],"[0.0, 0.0, 0.0, 0.0, 0.0, 0.0, 0.9998333333333045, 0.0, 0.0, 0.0, 0.0, 0.0]",0.5042020000000207,121.827313808,79.0,41.0
238,238.0,[0. 0. 1. 0. 0. 0. 1. 0. 0. 1. 0. 0.],"[0.0, 0.0, 0.0, 0.0, 0.0, 0.0, 0.00016666666663910188, 0.9998333333333609, 0.0, 0.0, 0.0, 0.0]",0.5042020000000207,122.33151580800002,80.0,41.0
239,239.0,[0. 0. 1. 0. 0. 0. 1. 0. 0. 1. 0. 0.],"[0.0, 0.0, 0.0, 0.0, 0.9998333333333891, 0.0, 0.0, 0.00016666666661093113, 0.0, 0.0, 0.0, 0.0]",0.5042019999999781,122.83571780800004,80.0,41.0
240,240.0,[0. 0. 1. 0. 0. 0. 1. 0. 0. 1. 0. 0.],"[0.0, 0.0, 0.0, 0.0, 0.00016666666666728674, 0.0, 0.0, 0.0, 0.0, 0.9998333333333327, 0.0, 0.0]",0.5042020000000207,123.33991980800002,80.0,41.0
241,241.0,[0. 0. 1. 0. 0. 0. 1. 0. 0. 1. 0. 0.],"[0.0, 0.0, 0.0, 0.0, 0.9998333333333891, 0.0, 0.0, 0.0, 0.0, 0.00016666666661093113, 0.0, 0.0]",0.5042019999999781,123.84412180800004,81.0,42.0
242,242.0,[0. 0. 0. 0. 1. 0. 1. 0. 0. 0. 0. 1.],"[0.0, 0.0, 0.0, 0.0, 0.998083333333298, 0.0, 0.0, 0.0, 0.0, 0.0, 0.0, 0.0]",0.5042020000000065,124.34832380800002,81.0,42.0
243,243.0,[0. 0. 0. 0. 1. 0. 1. 0. 0. 0. 0. 1.],"[0.0, 0.0, 0.0, 0.0, 0.0, 0.0, 0.0, 0.0, 0.0, 0.0, 0.0, 0.5020820935696811]",0.5041686639999909,124.85252580800002,81.0,42.0
244,244.0,[0. 0. 0. 0. 1. 0. 1. 0. 0. 0. 0. 1.],"[0.0, 0.0, 0.0, 0.0, 0.0, 0.0, 0.0, 0.0, 0.0, 0.0, 0.0, 0.0]",0.4958680000000015,125.35669447200002,82.0,42.0
245,245.0,[0. 0. 0. 0. 1. 0. 1. 0. 0. 0. 0. 1.],"[0.0, 0.0, 0.49983333333334234, 0.0, 0.0, 0.0, 0.0, 0.0, 0.0, 0.0, 0.0, 0.5]",0.4958680000000015,125.85256247200002,82.0,42.0
246,246.0,[0. 0. 0. 0. 1. 0. 1. 0. 0. 0. 0. 1.],"[0.0, 0.5040000000000413, 0.00016666666665763921, 0.0, 0.0, 0.0, 0.0, 0.0, 0.0, 0.0, 0.0, 0.4958333333333011]",0.4958680000000015,126.34843047200002,82.0,42.0
247,247.0,[0. 1. 0. 0. 0. 0. 1. 0. 0. 0. 0. 1.],"[0.0, 0.00016666666665763921, 0.9979166666666935, 0.0, 0.0, 0.0, 0.0, 0.0, 0.0, 0.0, 0.0, 0.0]",0.4958680000000015,126.84429847200002,83.0,43.0
248,248.0,[0. 1. 0. 0. 0. 0. 1. 0. 0. 0. 0. 1.],"[0.0, 0.0, 0.5, 0.0, 0.4979166666666362, 0.0, 0.0, 0.0, 0.0, 0.0, 0.0, 0.0]",0.4958680000000015,127.34016647200002,83.0,43.0
249,249.0,[0. 1. 0. 0. 0. 0. 1. 0. 0. 0. 0. 1.],"[0.0, 0.0, 0.49983333333337104, 0.0, 0.49999999999997136, 0.0, 0.0, 0.0, 0.0, 0.0, 0.0, 0.0]",0.4958680000000015,127.83603447200002,83.0,43.0
250,250.0,[0. 1. 0. 0. 0. 0. 1. 0. 0. 0. 0. 1.],"[0.0, 0.9979166666666363, 0.00016666666665763921, 0.0, 0.0, 0.0, 0.0, 0.0, 0.0, 0.0, 0.0, 0.0]",0.4958680000000015,128.33190247200002,84.0,43.0
251,251.0,[0. 1. 0. 0. 0. 0. 1. 0. 0. 0. 0. 1.],"[0.0, 0.49999999999997136, 0.49983333333337104, 0.0, 0.0, 0.0, 0.0, 0.0, 0.0, 0.0, 0.0, 0.0]",0.4958680000000015,128.82777047200003,84.0,43.0
252,252.0,[0. 1. 0. 0. 0. 0. 1. 0. 0. 0. 0. 1.],"[0.0, 0.0, 0.00016666666665763921, 0.0, 0.49999999999997136, 0.0, 0.0, 0.0, 0.0, 0.49983333333337104, 0.0, 0.0]",0.4958680000000015,129.32363847200003,84.0,43.0
253,253.0,[0. 0. 1. 0. 0. 0. 1. 0. 0. 1. 0. 0.],"[0.0, 0.0, 0.9998333561226391, 0.0, 0.0, 0.0, 0.0, 0.0, 0.0, 0.00016664387736082457, 0.0, 0.0]",0.495935811999999,129.81950647200003,85.0,44.0
254,254.0,[0. 0. 1. 0. 0. 0. 1. 0. 0. 1. 0. 0.],"[0.0, 0.0, 0.998083333333316, 0.0, 0.0, 0.0, 0.0, 0.0, 0.0, 0.0, 0.0, 0.0]",0.5128210000000024,130.31544228400003,85.0,44.0
255,255.0,[0. 0. 1. 0. 0. 0. 1. 0. 0. 1. 0. 0.],"[0.0, 0.0, 0.5000000000000278, 0.0, 0.499833333333333, 0.0, 0.0, 0.0, 0.0, 0.0, 0.0, 0.0]",0.5128210000000024,130.82826328400003,85.0,44.0
256,256.0,[0. 0. 1. 0. 0. 0. 1. 0. 0. 1. 0. 0.],"[0.0, 0.0, 0.0, 0.0, 0.00016666666663926036, 0.0, 0.9998333333333608, 0.0, 0.0, 0.0, 0.0, 0.0]",0.5128210000000024,131.34108428400003,86.0,44.0
257,257.0,[0. 0. 1. 0. 0. 0. 1. 0. 0. 1. 0. 0.],"[0.0, 0.0, 0.0, 0.0, 0.0, 0.0, 1.0, 0.0, 0.0, 0.0, 0.0, 0.0]",0.5128210000000024,131.85390528400004,86.0,44.0
258,258.0,[0. 0. 1. 0. 0. 0. 1. 0. 0. 1. 0. 0.],"[0.0, 0.0, 0.4999999999999723, 0.0, 0.4998333333333885, 0.0, 0.00016666666663926036, 0.0, 0.0, 0.0, 0.0, 0.0]",0.5128210000000024,132.36672628400004,86.0,44.0
259,259.0,[0. 0. 1. 0. 0. 0. 1. 0. 0. 1. 0. 0.],"[0.0, 0.0, 0.0, 0.0, 0.00016666666663926036, 0.0, 0.9998333333333608, 0.0, 0.0, 0.0, 0.0, 0.0]",0.5128210000000024,132.87954728400004,87.0,45.0
260,260.0,[0. 0. 1. 0. 0. 0. 1. 0. 0. 1. 0. 0.],"[0.0, 0.0, 0.0, 0.0, 0.0, 0.0, 0.998083333333316, 0.0, 0.0, 0.0, 0.0, 0.0]",0.5128210000000024,133.39236828400004,87.0,45.0
261,261.0,[0. 0. 1. 0. 0. 0. 1. 0. 0. 1. 0. 0.],"[0.0, 0.0, 0.0, 0.0, 0.0, 0.0, 0.9998333333333608, 0.0, 0.0, 0.0, 0.0, 0.0]",0.5128210000000024,133.90518928400004,87.0,45.0
262,262.0,[0. 0. 1. 0. 0. 0. 1. 0. 0. 1. 0. 0.],"[0.0, 0.0, 0.0, 0.0, 0.0, 0.0, 0.00016666666663926958, 0.9998333333333608, 0.0, 0.0, 0.0, 0.0]",0.512820999999974,134.41801028400005,88.0,45.0
263,263.0,[0. 0. 1. 0. 0. 0. 1. 0. 0. 1. 0. 0.],"[0.0, 0.0, 0.0, 0.0, 0.9998333112915115, 0.0, 0.0, 0.00016668870848840714, 0.0, 0.0, 0.0, 0.0]",0.5127531880000049,134.93083128400002,88.0,45.0
264,264.0,[0. 0. 1. 0. 0. 0. 1. 0. 0. 1. 0. 0.],"[0.0, 0.0, 0.0, 0.0, 0.00016666666665763921, 0.0, 0.0, 0.0, 0.0, 0.9998333333333423, 0.0, 0.0]",0.4958680000000015,135.44358447200003,88.0,45.0
265,265.0,[0. 0. 0. 0. 1. 0. 0. 0. 1. 0. 0. 1.],"[0.0, 0.0, 0.0, 0.0, 0.9998333333333423, 0.0, 0.0, 0.0, 0.0, 0.00016666666665763921, 0.0, 0.0]",0.4958680000000015,135.93945247200003,89.0,46.0
266,266.0,[0. 0. 0. 0. 1. 0. 0. 0. 1. 0. 0. 1.],"[0.0, 0.0, 0.0, 0.0, 0.9980833333332939, 0.0, 0.0, 0.0, 0.0, 0.0, 0.0, 0.0]",0.4958680000000015,136.43532047200003,89.0,46.0
267,267.0,[0. 0. 0. 0. 1. 0. 0. 0. 1. 0. 0. 1.],"[0.0, 0.0, 0.0, 0.0, 0.49999999999997136, 0.0, 0.0, 0.0, 0.0, 0.0, 0.0, 0.4979166666666649]",0.4958680000000015,136.93118847200003,89.0,46.0
268,268.0,[0. 0. 0. 0. 1. 0. 0. 0. 1. 0. 0. 1.],"[0.0, 0.0, 0.0, 0.0, 0.0, 0.0, 0.0, 0.0, 0.0, 0.0, 0.0, 0.9979166666666363]",0.4958680000000015,137.42705647200003,90.0,46.0
269,269.0,[0. 0. 0. 0. 1. 0. 0. 0. 1. 0. 0. 1.],"[0.0, 0.5040000000000413, 0.0, 0.0, 0.0, 0.0, 0.0, 0.0, 0.0, 0.0, 0.0, 0.41874999999998747]",0.4958680000000015,137.92292447200003,90.0,46.0
270,270.0,[0. 0. 0. 0. 1. 0. 0. 0. 1. 0. 0. 1.],"[0.0, 0.3793333333333064, 0.0, 0.0, 0.0, 0.0, 0.0, 0.0, 0.0, 0.0, 0.0, 0.4395833333333387]",0.4958680000000015,138.41879247200004,90.0,46.0
271,271.0,[0. 1. 0. 0. 0. 0. 1. 0. 0. 0. 0. 1.],"[0.0, 0.0, 0.9979166666666363, 0.0, 0.0, 0.0, 0.0, 0.0, 0.0, 0.0, 0.0, 0.0]",0.4958680000000015,138.91466047200004,91.0,47.0
272,272.0,[0. 1. 0. 0. 0. 0. 1. 0. 0. 0. 0. 1.],"[0.0, 0.0, 0.0, 0.0, 0.5019166666666774, 0.0, 0.0, 0.0, 0.0, 0.0, 0.0, 0.0]",0.4958680000000015,139.41052847200004,91.0,47.0
273,273.0,[0. 1. 0. 0. 0. 0. 1. 0. 0. 0. 0. 1.],"[0.0, 0.0, 0.49999999999997136, 0.0, 0.49599999999995875, 0.0, 0.0, 0.0, 0.0, 0.0, 0.0, 0.0]",0.4958680000000015,139.90639647200004,91.0,47.0
274,274.0,[0. 1. 0. 0. 0. 0. 1. 0. 0. 0. 0. 1.],"[0.0, 0.9998333333333996, 0.0, 0.0, 0.0, 0.0, 0.0, 0.0, 0.0, 0.0, 0.0, 0.0]",0.4958680000000015,140.40226447200004,92.0,47.0
275,275.0,[0. 1. 0. 0. 0. 0. 1. 0. 0. 0. 0. 1.],"[0.0, 0.2397086721187437, 0.4999195515964695, 0.0, 0.0, 0.0, 0.0, 0.0, 0.0, 0.0, 0.0, 0.0]",0.4959534919999839,140.89813247200004,92.0,47.0
276,276.0,[0. 1. 0. 0. 0. 0. 1. 0. 0. 0. 0. 1.],"[0.0, 0.0, 0.00016666666663370662, 0.0, 0.5000000000000274, 0.0, 0.0, 0.0, 0.0, 0.4998333333333388, 0.0, 0.0]",0.5172409999999843,141.39408596400003,92.0,47.0
277,277.0,[0. 1. 0. 0. 0. 0. 1. 0. 0. 0. 0. 1.],"[0.0, 0.0, 0.9998333333333114, 0.0, 0.0, 0.0, 0.0, 0.0, 0.0, 0.00016666666668864615, 0.0, 0.0]",0.5172410000000127,141.911326964,93.0,48.0
278,278.0,[0. 0. 0. 1. 0. 0. 1. 0. 0. 0. 0. 1.],"[0.0, 0.0, 1.0, 0.0, 0.0, 0.0, 0.0, 0.0, 0.0, 0.0, 0.0, 0.0]",0.5172409999999843,142.42856796400002,93.0,48.0
279,279.0,[0. 0. 0. 1. 0. 0. 1. 0. 0. 0. 0. 1.],"[0.0, 0.49999999999994504, 0.500000000000055, 0.0, 0.0, 0.0, 0.0, 0.0, 0.0, 0.0, 0.0, 0.0]",0.5172410000000127,142.945808964,93.0,48.0
280,280.0,[0. 0. 0. 1. 0. 0. 1. 0. 0. 0. 0. 1.],"[0.0, 0.0, 0.00016666666663369746, 0.0, 0.0, 0.0, 0.0, 0.0, 0.0, 0.0, 0.0, 0.9998333333333663]",0.5172410000000127,143.46304996400002,94.0,48.0
281,281.0,[0. 0. 0. 1. 0. 0. 1. 0. 0. 0. 0. 1.],"[0.0, 0.0, 0.0, 0.0, 0.0, 0.0, 0.0, 0.0, 0.0, 0.0, 0.0, 0.9980833333333278]",0.5172409999999843,143.98029096400003,94.0,48.0
282,282.0,[0. 0. 0. 1. 0. 0. 1. 0. 0. 0. 0. 1.],"[0.0, 0.4998333333333663, 0.0, 0.0, 0.0, 0.0, 0.0, 0.0, 0.0, 0.0, 0.0, 0.500000000000055]",0.5172410000000127,144.49753196400002,94.0,48.0
283,283.0,[0. 0. 0. 1. 0. 0. 1. 0. 0. 0. 0. 1.],"[0.0, 0.00016666666663371578, 0.9998333333333663, 0.0, 0.0, 0.0, 0.0, 0.0, 0.0, 0.0, 0.0, 0.0]",0.5172409999999559,145.01477296400003,95.0,49.0
284,284.0,[0. 1. 0. 0. 0. 0. 1. 0. 0. 0. 0. 1.],"[0.0, 0.0, 0.28975000000003354, 0.0, 0.49791666666661183, 0.0, 0.0, 0.0, 0.0, 0.0, 0.0, 0.0]",0.5172410000000411,145.532013964,95.0,49.0
285,285.0,[0. 1. 0. 0. 0. 0. 1. 0. 0. 0. 0. 1.],"[0.0, 0.0, 0.4998333333333388, 0.0, 0.5000000000000274, 0.0, 0.0, 0.0, 0.0, 0.0, 0.0, 0.0]",0.5172409999999843,146.04925496400003,95.0,49.0
286,286.0,[0. 1. 0. 0. 0. 0. 1. 0. 0. 0. 0. 1.],"[0.0, 0.9998333333333114, 0.00016666666668864615, 0.0, 0.0, 0.0, 0.0, 0.0, 0.0, 0.0, 0.0, 0.0]",0.5172410000000127,146.566495964,96.0,49.0
287,287.0,[0. 1. 0. 0. 0. 0. 1. 0. 0. 0. 0. 1.],"[0.0, 0.22933333333331296, 0.4998333333333388, 0.0, 0.0, 0.0, 0.0, 0.0, 0.0, 0.0, 0.0, 0.0]",0.5172409999999843,147.08373696400002,96.0,49.0
288,288.0,[0. 1. 0. 0. 0. 0. 1. 0. 0. 0. 0. 1.],"[0.0, 0.0, 0.00016666666668864615, 0.0, 0.49999999999994504, 0.0, 0.0, 0.0, 0.0, 0.4998333333333663, 0.0, 0.0]",0.5172410000000127,147.600977964,96.0,49.0
289,289.0,[0. 1. 0. 0. 0. 0. 1. 0. 0. 0. 0. 1.],"[0.0, 0.0, 0.9998333333333663, 0.0, 0.0, 0.0, 0.0, 0.0, 0.0, 0.00016666666663369746, 0.0, 0.0]",0.5172410000000127,148.11821896400002,97.0,50.0
290,290.0,[0. 0. 0. 1. 0. 0. 1. 0. 0. 0. 0. 1.],"[0.0, 0.0, 1.0, 0.0, 0.0, 0.0, 0.0, 0.0, 0.0, 0.0, 0.0, 0.0]",0.5172409999999843,148.63545996400003,97.0,50.0
291,291.0,[0. 0. 0. 1. 0. 0. 1. 0. 0. 0. 0. 1.],"[0.0, 0.0, 1.0, 0.0, 0.0, 0.0, 0.0, 0.0, 0.0, 0.0, 0.0, 0.0]",0.5172410000000127,149.15270096400002,97.0,50.0
292,292.0,[0. 0. 0. 1. 0. 0. 1. 0. 0. 0. 0. 1.],"[0.0, 0.0, 1.0, 0.0, 0.0, 0.0, 0.0, 0.0, 0.0, 0.0, 0.0, 0.0]",0.5172409999999843,149.66994196400003,98.0,50.0
293,293.0,[0. 0. 0. 1. 0. 0. 1. 0. 0. 0. 0. 1.],"[0.0, 0.0, 1.0, 0.0, 0.0, 0.0, 0.0, 0.0, 0.0, 0.0, 0.0, 0.0]",0.5172410000000127,150.18718296400002,98.0,50.0
294,294.0,[0. 0. 0. 1. 0. 0. 1. 0. 0. 0. 0. 1.],"[0.0, 0.5000000000000274, 0.4999999999999725, 0.0, 0.0, 0.0, 0.0, 0.0, 0.0, 0.0, 0.0, 0.0]",0.5172409999999843,150.70442396400003,98.0,50.0
295,295.0,[0. 0. 0. 1. 0. 0. 1. 0. 0. 0. 0. 1.],"[0.0, 0.0, 0.0001666666666336883, 0.0, 0.0, 0.0, 0.0, 0.0, 0.0, 0.0, 0.0, 0.9998333333333663]",0.5172410000000411,151.221664964,99.0,51.0
296,296.0,[0. 0. 0. 1. 0. 0. 1. 0. 0. 0. 0. 1.],"[0.0, 0.0, 0.0, 0.0, 0.0, 0.0, 0.0, 0.0, 0.0, 0.0, 0.0, 1.0]",0.5172409999999559,151.73890596400005,99.0,51.0
297,297.0,[0. 0. 0. 1. 0. 0. 1. 0. 0. 0. 0. 1.],"[0.0, 0.0, 0.0, 0.0, 0.0, 0.0, 0.0, 0.0, 0.0, 0.0, 0.0, 1.0]",0.5172410000000127,152.256146964,99.0,51.0
298,298.0,[0. 0. 0. 1. 0. 0. 1. 0. 0. 0. 0. 1.],"[0.0, 0.0, 0.0, 0.0, 0.0, 0.0, 0.0, 0.0, 0.0, 0.0, 0.0, 1.0]",0.5172409999999843,152.77338796400002,100.0,51.0
299,299.0,[0. 0. 0. 1. 0. 0. 1. 0. 0. 0. 0. 1.],"[0.0, 0.0, 0.0, 0.0, 0.0, 0.0, 0.0, 0.0, 0.0, 0.0, 0.0, 1.0]",0.5172410000000127,153.290628964,100.0,51.0
300,300.0,[0. 0. 0. 1. 0. 0. 1. 0. 0. 0. 0. 1.],"[0.0, 0.0, 0.0, 0.0, 0.0, 0.0, 0.0, 0.0, 0.0, 0.0, 0.0, 1.0]",0.5172410000000127,153.80786996400002,100.0,51.0
301,301.0,[0. 0. 0. 1. 0. 0. 1. 0. 0. 0. 0. 1.],"[0.0, 0.0, 0.0, 0.0, 0.0, 0.0, 0.0, 0.0, 0.0, 0.0, 0.0, 1.0]",0.5172409999999843,154.32511096400003,101.0,52.0
302,302.0,[0. 0. 0. 1. 0. 0. 1. 0. 0. 0. 0. 1.],"[0.0, 0.0, 0.0, 0.0, 0.0, 0.0, 0.0, 0.0, 0.0, 0.0, 0.0, 0.995999999999967]",0.5172410000000127,154.84235196400002,101.0,52.0
